date_parsed,nama_provinsi,tahun,bulan,produksi_padi
2018-01-01,KABUPATEN BANDUNG,2018,1,5356.41
2018-02-01,KABUPATEN BANDUNG,2018,2,20625.0
2018-03-01,KABUPATEN BANDUNG,2018,3,26289.0
2018-04-01,KABUPATEN BANDUNG,2018,4,72600.08000000002
2018-05-01,KABUPATEN BANDUNG,2018,5,25796.0
2018-06-01,KABUPATEN BANDUNG,2018,6,7552.0
2018-07-01,KABUPATEN BANDUNG,2018,7,23631.0
2018-08-01,KABUPATEN BANDUNG,2018,8,35034.0
2018-09-01,KABUPATEN BANDUNG,2018,9,40445.0
2018-10-01,KABUPATEN BANDUNG,2018,10,36047.0
2018-11-01,KABUPATEN BANDUNG,2018,11,11232.0
2018-12-01,KABUPATEN BANDUNG,2018,12,9209.0
2019-01-01,KABUPATEN BANDUNG,2019,1,15445.0
2019-02-01,KABUPATEN BANDUNG,2019,2,26625.0
2019-03-01,KABUPATEN BANDUNG,2019,3,25176.0
2019-04-01,KABUPATEN BANDUNG,2019,4,71889.0
2019-05-01,KABUPATEN BANDUNG,2019,5,22536.0
2019-06-01,KABUPATEN BANDUNG,2019,6,17291.0
2019-07-01,KABUPATEN BANDUNG,2019,7,18536.0
2019-08-01,KABUPATEN BANDUNG,2019,8,24118.0
2019-09-01,KABUPATEN BANDUNG,2019,9,45940.0
2019-10-01,KABUPATEN BANDUNG,2019,10,39683.0
2019-11-01,KABUPATEN BANDUNG,2019,11,25884.0
2019-12-01,KABUPATEN BANDUNG,2019,12,11092.0
2020-01-01,KABUPATEN BANDUNG,2020,1,7220.0
2020-02-01,KABUPATEN BANDUNG,2020,2,23851.0
2020-03-01,KABUPATEN BANDUNG,2020,3,17612.0
2020-04-01,KABUPATEN BANDUNG,2020,4,40555.0
2020-05-01,KABUPATEN BANDUNG,2020,5,50758.0
2020-06-01,KABUPATEN BANDUNG,2020,6,12631.0
2020-07-01,KABUPATEN BANDUNG,2020,7,6842.0
2020-08-01,KABUPATEN BANDUNG,2020,8,25799.0
2020-09-01,KABUPATEN BANDUNG,2020,9,38736.0
2020-10-01,KABUPATEN BANDUNG,2020,10,33443.0
2020-11-01,KABUPATEN BANDUNG,2020,11,14071.0
2020-12-01,KABUPATEN BANDUNG,2020,12,5638.0
2021-01-01,KABUPATEN BANDUNG,2021,1,15360.0
2021-02-01,KABUPATEN BANDUNG,2021,2,14933.0
2021-03-01,KABUPATEN BANDUNG,2021,3,25672.0
2021-04-01,KABUPATEN BANDUNG,2021,4,53822.0
2021-05-01,KABUPATEN BANDUNG,2021,5,28187.0
2021-06-01,KABUPATEN BANDUNG,2021,6,17533.0
2021-07-01,KABUPATEN BANDUNG,2021,7,21356.0
2021-08-01,KABUPATEN BANDUNG,2021,8,24320.0
2021-09-01,KABUPATEN BANDUNG,2021,9,32129.0
2021-10-01,KABUPATEN BANDUNG,2021,10,31843.0
2021-11-01,KABUPATEN BANDUNG,2021,11,25933.0
2021-12-01,KABUPATEN BANDUNG,2021,12,19627.0
2022-01-01,KABUPATEN BANDUNG,2022,1,9835.0
2022-02-01,KABUPATEN BANDUNG,2022,2,11343.0
2022-03-01,KABUPATEN BANDUNG,2022,3,20891.0
2022-04-01,KABUPATEN BANDUNG,2022,4,54046.0
2022-05-01,KABUPATEN BANDUNG,2022,5,39190.0
2022-06-01,KABUPATEN BANDUNG,2022,6,15123.0
2022-07-01,KABUPATEN BANDUNG,2022,7,9815.0
2022-08-01,KABUPATEN BANDUNG,2022,8,13455.0
2022-09-01,KABUPATEN BANDUNG,2022,9,35201.0
2022-10-01,KABUPATEN BANDUNG,2022,10,46957.0
2022-11-01,KABUPATEN BANDUNG,2022,11,22380.0
2022-12-01,KABUPATEN BANDUNG,2022,12,10975.0
2023-01-01,KABUPATEN BANDUNG,2023,1,10048.0
2023-02-01,KABUPATEN BANDUNG,2023,2,16931.0
2023-03-01,KABUPATEN BANDUNG,2023,3,25974.0
2023-04-01,KABUPATEN BANDUNG,2023,4,53433.0
2023-05-01,KABUPATEN BANDUNG,2023,5,31504.0
2023-06-01,KABUPATEN BANDUNG,2023,6,18503.0
2023-07-01,KABUPATEN BANDUNG,2023,7,14977.0
2023-08-01,KABUPATEN BANDUNG,2023,8,19174.0
2023-09-01,KABUPATEN BANDUNG,2023,9,37060.0
2023-10-01,KABUPATEN BANDUNG,2023,10,38210.0
2023-11-01,KABUPATEN BANDUNG,2023,11,23969.0
2023-12-01,KABUPATEN BANDUNG,2023,12,10360.0
2018-01-01,KABUPATEN BANDUNG BARAT,2018,1,2302.0
2018-02-01,KABUPATEN BANDUNG BARAT,2018,2,21591.0
2018-03-01,KABUPATEN BANDUNG BARAT,2018,3,33266.0
2018-04-01,KABUPATEN BANDUNG BARAT,2018,4,10666.0
2018-05-01,KABUPATEN BANDUNG BARAT,2018,5,5710.0
2018-06-01,KABUPATEN BANDUNG BARAT,2018,6,21621.0
2018-07-01,KABUPATEN BANDUNG BARAT,2018,7,30473.0
2018-08-01,KABUPATEN BANDUNG BARAT,2018,8,12866.0
2018-09-01,KABUPATEN BANDUNG BARAT,2018,9,10995.0
2018-10-01,KABUPATEN BANDUNG BARAT,2018,10,5944.0
2018-11-01,KABUPATEN BANDUNG BARAT,2018,11,9694.0
2018-12-01,KABUPATEN BANDUNG BARAT,2018,12,5808.0
2019-01-01,KABUPATEN BANDUNG BARAT,2019,1,8740.0
2019-02-01,KABUPATEN BANDUNG BARAT,2019,2,11151.0
2019-03-01,KABUPATEN BANDUNG BARAT,2019,3,35859.270000000004
2019-04-01,KABUPATEN BANDUNG BARAT,2019,4,22827.0
2019-05-01,KABUPATEN BANDUNG BARAT,2019,5,7445.0
2019-06-01,KABUPATEN BANDUNG BARAT,2019,6,11640.0
2019-07-01,KABUPATEN BANDUNG BARAT,2019,7,17234.0
2019-08-01,KABUPATEN BANDUNG BARAT,2019,8,13800.0
2019-09-01,KABUPATEN BANDUNG BARAT,2019,9,9004.0
2019-10-01,KABUPATEN BANDUNG BARAT,2019,10,8957.0
2019-11-01,KABUPATEN BANDUNG BARAT,2019,11,7229.0
2019-12-01,KABUPATEN BANDUNG BARAT,2019,12,4702.0
2020-01-01,KABUPATEN BANDUNG BARAT,2020,1,11937.0
2020-02-01,KABUPATEN BANDUNG BARAT,2020,2,7716.0
2020-03-01,KABUPATEN BANDUNG BARAT,2020,3,14455.0
2020-04-01,KABUPATEN BANDUNG BARAT,2020,4,35696.0
2020-05-01,KABUPATEN BANDUNG BARAT,2020,5,13091.0
2020-06-01,KABUPATEN BANDUNG BARAT,2020,6,7456.0
2020-07-01,KABUPATEN BANDUNG BARAT,2020,7,23852.0
2020-08-01,KABUPATEN BANDUNG BARAT,2020,8,19337.0
2020-09-01,KABUPATEN BANDUNG BARAT,2020,9,14602.0
2020-10-01,KABUPATEN BANDUNG BARAT,2020,10,7542.0
2020-11-01,KABUPATEN BANDUNG BARAT,2020,11,3439.0
2020-12-01,KABUPATEN BANDUNG BARAT,2020,12,5518.0
2021-01-01,KABUPATEN BANDUNG BARAT,2021,1,11137.0
2021-02-01,KABUPATEN BANDUNG BARAT,2021,2,7319.0
2021-03-01,KABUPATEN BANDUNG BARAT,2021,3,30475.0
2021-04-01,KABUPATEN BANDUNG BARAT,2021,4,12958.0
2021-05-01,KABUPATEN BANDUNG BARAT,2021,5,9917.0
2021-06-01,KABUPATEN BANDUNG BARAT,2021,6,9616.0
2021-07-01,KABUPATEN BANDUNG BARAT,2021,7,27900.0
2021-08-01,KABUPATEN BANDUNG BARAT,2021,8,8000.0
2021-09-01,KABUPATEN BANDUNG BARAT,2021,9,7935.0
2021-10-01,KABUPATEN BANDUNG BARAT,2021,10,8586.0
2021-11-01,KABUPATEN BANDUNG BARAT,2021,11,5833.0
2021-12-01,KABUPATEN BANDUNG BARAT,2021,12,6818.0
2022-01-01,KABUPATEN BANDUNG BARAT,2022,1,6305.0
2022-02-01,KABUPATEN BANDUNG BARAT,2022,2,10875.0
2022-03-01,KABUPATEN BANDUNG BARAT,2022,3,33259.0
2022-04-01,KABUPATEN BANDUNG BARAT,2022,4,9518.0
2022-05-01,KABUPATEN BANDUNG BARAT,2022,5,8431.0
2022-06-01,KABUPATEN BANDUNG BARAT,2022,6,9817.0
2022-07-01,KABUPATEN BANDUNG BARAT,2022,7,30398.0
2022-08-01,KABUPATEN BANDUNG BARAT,2022,8,10360.0
2022-09-01,KABUPATEN BANDUNG BARAT,2022,9,4675.0
2022-10-01,KABUPATEN BANDUNG BARAT,2022,10,8660.0
2022-11-01,KABUPATEN BANDUNG BARAT,2022,11,15711.0
2022-12-01,KABUPATEN BANDUNG BARAT,2022,12,5647.0
2023-01-01,KABUPATEN BANDUNG BARAT,2023,1,6565.0
2023-02-01,KABUPATEN BANDUNG BARAT,2023,2,21940.0
2023-03-01,KABUPATEN BANDUNG BARAT,2023,3,23530.0
2023-04-01,KABUPATEN BANDUNG BARAT,2023,4,13423.0
2023-05-01,KABUPATEN BANDUNG BARAT,2023,5,7342.0
2023-06-01,KABUPATEN BANDUNG BARAT,2023,6,19078.0
2023-07-01,KABUPATEN BANDUNG BARAT,2023,7,18349.0
2023-08-01,KABUPATEN BANDUNG BARAT,2023,8,11912.0
2023-09-01,KABUPATEN BANDUNG BARAT,2023,9,7968.0
2023-10-01,KABUPATEN BANDUNG BARAT,2023,10,6254.0
2023-11-01,KABUPATEN BANDUNG BARAT,2023,11,5879.0
2023-12-01,KABUPATEN BANDUNG BARAT,2023,12,1916.3
2018-01-01,KABUPATEN BEKASI,2018,1,90703.0
2018-02-01,KABUPATEN BEKASI,2018,2,19755.0
2018-03-01,KABUPATEN BEKASI,2018,3,57781.0
2018-04-01,KABUPATEN BEKASI,2018,4,30253.0
2018-05-01,KABUPATEN BEKASI,2018,5,45327.0
2018-06-01,KABUPATEN BEKASI,2018,6,99784.0
2018-07-01,KABUPATEN BEKASI,2018,7,31396.0
2018-08-01,KABUPATEN BEKASI,2018,8,26471.0
2018-09-01,KABUPATEN BEKASI,2018,9,27920.0
2018-10-01,KABUPATEN BEKASI,2018,10,43478.0
2018-11-01,KABUPATEN BEKASI,2018,11,40999.0
2018-12-01,KABUPATEN BEKASI,2018,12,31118.0
2019-01-01,KABUPATEN BEKASI,2019,1,26176.0
2019-02-01,KABUPATEN BEKASI,2019,2,14298.0
2019-03-01,KABUPATEN BEKASI,2019,3,53293.0
2019-04-01,KABUPATEN BEKASI,2019,4,72627.0
2019-05-01,KABUPATEN BEKASI,2019,5,37911.0
2019-06-01,KABUPATEN BEKASI,2019,6,110659.0
2019-07-01,KABUPATEN BEKASI,2019,7,35339.0
2019-08-01,KABUPATEN BEKASI,2019,8,22210.0
2019-09-01,KABUPATEN BEKASI,2019,9,20227.0
2019-10-01,KABUPATEN BEKASI,2019,10,51041.0
2019-11-01,KABUPATEN BEKASI,2019,11,41863.0
2019-12-01,KABUPATEN BEKASI,2019,12,63995.0
2020-01-01,KABUPATEN BEKASI,2020,1,13977.0
2020-02-01,KABUPATEN BEKASI,2020,2,10400.02
2020-03-01,KABUPATEN BEKASI,2020,3,25084.0
2020-04-01,KABUPATEN BEKASI,2020,4,38910.0
2020-05-01,KABUPATEN BEKASI,2020,5,58577.0
2020-06-01,KABUPATEN BEKASI,2020,6,70466.0
2020-07-01,KABUPATEN BEKASI,2020,7,63032.0
2020-08-01,KABUPATEN BEKASI,2020,8,15089.0
2020-09-01,KABUPATEN BEKASI,2020,9,25525.0
2020-10-01,KABUPATEN BEKASI,2020,10,44827.0
2020-11-01,KABUPATEN BEKASI,2020,11,96751.0
2020-12-01,KABUPATEN BEKASI,2020,12,46550.0
2021-01-01,KABUPATEN BEKASI,2021,1,13865.0
2021-02-01,KABUPATEN BEKASI,2021,2,49203.0
2021-03-01,KABUPATEN BEKASI,2021,3,51939.0
2021-04-01,KABUPATEN BEKASI,2021,4,57399.0
2021-05-01,KABUPATEN BEKASI,2021,5,38611.0
2021-06-01,KABUPATEN BEKASI,2021,6,94537.0
2021-07-01,KABUPATEN BEKASI,2021,7,83369.0
2021-08-01,KABUPATEN BEKASI,2021,8,12477.0
2021-09-01,KABUPATEN BEKASI,2021,9,28088.0
2021-10-01,KABUPATEN BEKASI,2021,10,36416.0
2021-11-01,KABUPATEN BEKASI,2021,11,35437.0
2021-12-01,KABUPATEN BEKASI,2021,12,86245.0
2022-01-01,KABUPATEN BEKASI,2022,1,22229.0
2022-02-01,KABUPATEN BEKASI,2022,2,20118.0
2022-03-01,KABUPATEN BEKASI,2022,3,62986.0
2022-04-01,KABUPATEN BEKASI,2022,4,44571.0
2022-05-01,KABUPATEN BEKASI,2022,5,48568.0
2022-06-01,KABUPATEN BEKASI,2022,6,110930.15000000001
2022-07-01,KABUPATEN BEKASI,2022,7,39057.0
2022-08-01,KABUPATEN BEKASI,2022,8,32115.0
2022-09-01,KABUPATEN BEKASI,2022,9,28194.0
2022-10-01,KABUPATEN BEKASI,2022,10,41099.0
2022-11-01,KABUPATEN BEKASI,2022,11,67742.0
2022-12-01,KABUPATEN BEKASI,2022,12,37482.0
2023-01-01,KABUPATEN BEKASI,2023,1,23353.0
2023-02-01,KABUPATEN BEKASI,2023,2,36154.0
2023-03-01,KABUPATEN BEKASI,2023,3,51879.0
2023-04-01,KABUPATEN BEKASI,2023,4,32076.0
2023-05-01,KABUPATEN BEKASI,2023,5,60602.0
2023-06-01,KABUPATEN BEKASI,2023,6,74163.0
2023-07-01,KABUPATEN BEKASI,2023,7,56122.0
2023-08-01,KABUPATEN BEKASI,2023,8,16518.0
2023-09-01,KABUPATEN BEKASI,2023,9,30863.0
2023-10-01,KABUPATEN BEKASI,2023,10,25562.0
2023-11-01,KABUPATEN BEKASI,2023,11,49921.0
2023-12-01,KABUPATEN BEKASI,2023,12,40127.0
2018-01-01,KABUPATEN BOGOR,2018,1,25475.0
2018-02-01,KABUPATEN BOGOR,2018,2,25290.0
2018-03-01,KABUPATEN BOGOR,2018,3,44928.0
2018-04-01,KABUPATEN BOGOR,2018,4,39470.0
2018-05-01,KABUPATEN BOGOR,2018,5,36418.0
2018-06-01,KABUPATEN BOGOR,2018,6,24022.0
2018-07-01,KABUPATEN BOGOR,2018,7,41728.0
2018-08-01,KABUPATEN BOGOR,2018,8,30630.0
2018-09-01,KABUPATEN BOGOR,2018,9,23307.0
2018-10-01,KABUPATEN BOGOR,2018,10,19488.0
2018-11-01,KABUPATEN BOGOR,2018,11,23462.0
2018-12-01,KABUPATEN BOGOR,2018,12,14464.0
2019-01-01,KABUPATEN BOGOR,2019,1,11762.0
2019-02-01,KABUPATEN BOGOR,2019,2,16734.0
2019-03-01,KABUPATEN BOGOR,2019,3,53452.0
2019-04-01,KABUPATEN BOGOR,2019,4,54855.0
2019-05-01,KABUPATEN BOGOR,2019,5,18766.0
2019-06-01,KABUPATEN BOGOR,2019,6,17662.0
2019-07-01,KABUPATEN BOGOR,2019,7,34212.0
2019-08-01,KABUPATEN BOGOR,2019,8,35532.0
2019-09-01,KABUPATEN BOGOR,2019,9,10588.0
2019-10-01,KABUPATEN BOGOR,2019,10,18401.0
2019-11-01,KABUPATEN BOGOR,2019,11,21442.0
2019-12-01,KABUPATEN BOGOR,2019,12,14454.0
2020-01-01,KABUPATEN BOGOR,2020,1,5969.29
2020-02-01,KABUPATEN BOGOR,2020,2,9042.0
2020-03-01,KABUPATEN BOGOR,2020,3,22727.0
2020-04-01,KABUPATEN BOGOR,2020,4,64599.460000000065
2020-05-01,KABUPATEN BOGOR,2020,5,27769.0
2020-06-01,KABUPATEN BOGOR,2020,6,9840.0
2020-07-01,KABUPATEN BOGOR,2020,7,29542.0
2020-08-01,KABUPATEN BOGOR,2020,8,40861.0
2020-09-01,KABUPATEN BOGOR,2020,9,32853.0
2020-10-01,KABUPATEN BOGOR,2020,10,28421.0
2020-11-01,KABUPATEN BOGOR,2020,11,11731.0
2020-12-01,KABUPATEN BOGOR,2020,12,8110.0
2021-01-01,KABUPATEN BOGOR,2021,1,13887.0
2021-02-01,KABUPATEN BOGOR,2021,2,28820.0
2021-03-01,KABUPATEN BOGOR,2021,3,54024.0
2021-04-01,KABUPATEN BOGOR,2021,4,14845.0
2021-05-01,KABUPATEN BOGOR,2021,5,10421.0
2021-06-01,KABUPATEN BOGOR,2021,6,27675.0
2021-07-01,KABUPATEN BOGOR,2021,7,43124.0
2021-08-01,KABUPATEN BOGOR,2021,8,22087.0
2021-09-01,KABUPATEN BOGOR,2021,9,17443.0
2021-10-01,KABUPATEN BOGOR,2021,10,28292.0
2021-11-01,KABUPATEN BOGOR,2021,11,13245.0
2021-12-01,KABUPATEN BOGOR,2021,12,11291.0
2022-01-01,KABUPATEN BOGOR,2022,1,19705.0
2022-02-01,KABUPATEN BOGOR,2022,2,19881.0
2022-03-01,KABUPATEN BOGOR,2022,3,61475.0
2022-04-01,KABUPATEN BOGOR,2022,4,23420.0
2022-05-01,KABUPATEN BOGOR,2022,5,15334.0
2022-06-01,KABUPATEN BOGOR,2022,6,17148.0
2022-07-01,KABUPATEN BOGOR,2022,7,37643.0
2022-08-01,KABUPATEN BOGOR,2022,8,18538.0
2022-09-01,KABUPATEN BOGOR,2022,9,29161.0
2022-10-01,KABUPATEN BOGOR,2022,10,30829.0
2022-11-01,KABUPATEN BOGOR,2022,11,13918.0
2022-12-01,KABUPATEN BOGOR,2022,12,12847.0
2023-01-01,KABUPATEN BOGOR,2023,1,15939.0
2023-02-01,KABUPATEN BOGOR,2023,2,29613.0
2023-03-01,KABUPATEN BOGOR,2023,3,48808.0
2023-04-01,KABUPATEN BOGOR,2023,4,21403.0
2023-05-01,KABUPATEN BOGOR,2023,5,21236.0
2023-06-01,KABUPATEN BOGOR,2023,6,24007.0
2023-07-01,KABUPATEN BOGOR,2023,7,24997.0
2023-08-01,KABUPATEN BOGOR,2023,8,25135.0
2023-09-01,KABUPATEN BOGOR,2023,9,35718.0
2023-10-01,KABUPATEN BOGOR,2023,10,23763.0
2023-11-01,KABUPATEN BOGOR,2023,11,6027.0
2023-12-01,KABUPATEN BOGOR,2023,12,6620.0
2018-01-01,KABUPATEN CIAMIS,2018,1,7780.0
2018-02-01,KABUPATEN CIAMIS,2018,2,19647.0
2018-03-01,KABUPATEN CIAMIS,2018,3,78566.0
2018-04-01,KABUPATEN CIAMIS,2018,4,28560.0
2018-05-01,KABUPATEN CIAMIS,2018,5,20985.0
2018-06-01,KABUPATEN CIAMIS,2018,6,6688.0
2018-07-01,KABUPATEN CIAMIS,2018,7,38643.0
2018-08-01,KABUPATEN CIAMIS,2018,8,49668.0
2018-09-01,KABUPATEN CIAMIS,2018,9,38563.0
2018-10-01,KABUPATEN CIAMIS,2018,10,15968.0
2018-11-01,KABUPATEN CIAMIS,2018,11,7277.0
2018-12-01,KABUPATEN CIAMIS,2018,12,3867.0
2019-01-01,KABUPATEN CIAMIS,2019,1,6740.0
2019-02-01,KABUPATEN CIAMIS,2019,2,5361.0
2019-03-01,KABUPATEN CIAMIS,2019,3,34512.0
2019-04-01,KABUPATEN CIAMIS,2019,4,80662.12000000004
2019-05-01,KABUPATEN CIAMIS,2019,5,23653.0
2019-06-01,KABUPATEN CIAMIS,2019,6,5578.0
2019-07-01,KABUPATEN CIAMIS,2019,7,8974.0
2019-08-01,KABUPATEN CIAMIS,2019,8,36718.0
2019-09-01,KABUPATEN CIAMIS,2019,9,33002.0
2019-10-01,KABUPATEN CIAMIS,2019,10,25823.0
2019-11-01,KABUPATEN CIAMIS,2019,11,7984.0
2019-12-01,KABUPATEN CIAMIS,2019,12,2594.0
2020-01-01,KABUPATEN CIAMIS,2020,1,3311.0
2020-02-01,KABUPATEN CIAMIS,2020,2,864.8199999999999
2020-03-01,KABUPATEN CIAMIS,2020,3,1022.0
2020-04-01,KABUPATEN CIAMIS,2020,4,36545.0
2020-05-01,KABUPATEN CIAMIS,2020,5,66749.0
2020-06-01,KABUPATEN CIAMIS,2020,6,30687.0
2020-07-01,KABUPATEN CIAMIS,2020,7,1873.0
2020-08-01,KABUPATEN CIAMIS,2020,8,11133.0
2020-09-01,KABUPATEN CIAMIS,2020,9,44805.0
2020-10-01,KABUPATEN CIAMIS,2020,10,66627.0
2020-11-01,KABUPATEN CIAMIS,2020,11,15087.0
2020-12-01,KABUPATEN CIAMIS,2020,12,4473.0
2021-01-01,KABUPATEN CIAMIS,2021,1,6409.0
2021-02-01,KABUPATEN CIAMIS,2021,2,27712.0
2021-03-01,KABUPATEN CIAMIS,2021,3,75758.0
2021-04-01,KABUPATEN CIAMIS,2021,4,40100.0
2021-05-01,KABUPATEN CIAMIS,2021,5,17088.0
2021-06-01,KABUPATEN CIAMIS,2021,6,12949.0
2021-07-01,KABUPATEN CIAMIS,2021,7,47931.0
2021-08-01,KABUPATEN CIAMIS,2021,8,32351.0
2021-09-01,KABUPATEN CIAMIS,2021,9,18307.0
2021-10-01,KABUPATEN CIAMIS,2021,10,24964.0
2021-11-01,KABUPATEN CIAMIS,2021,11,5893.0
2021-12-01,KABUPATEN CIAMIS,2021,12,10869.0
2022-01-01,KABUPATEN CIAMIS,2022,1,12569.0
2022-02-01,KABUPATEN CIAMIS,2022,2,10619.0
2022-03-01,KABUPATEN CIAMIS,2022,3,67419.0
2022-04-01,KABUPATEN CIAMIS,2022,4,44122.0
2022-05-01,KABUPATEN CIAMIS,2022,5,14862.0
2022-06-01,KABUPATEN CIAMIS,2022,6,14481.0
2022-07-01,KABUPATEN CIAMIS,2022,7,32960.0
2022-08-01,KABUPATEN CIAMIS,2022,8,34428.0
2022-09-01,KABUPATEN CIAMIS,2022,9,31802.0
2022-10-01,KABUPATEN CIAMIS,2022,10,20778.0
2022-11-01,KABUPATEN CIAMIS,2022,11,11634.0
2022-12-01,KABUPATEN CIAMIS,2022,12,10008.0
2023-01-01,KABUPATEN CIAMIS,2023,1,9077.0
2023-02-01,KABUPATEN CIAMIS,2023,2,27617.0
2023-03-01,KABUPATEN CIAMIS,2023,3,66494.0
2023-04-01,KABUPATEN CIAMIS,2023,4,28176.0
2023-05-01,KABUPATEN CIAMIS,2023,5,15082.0
2023-06-01,KABUPATEN CIAMIS,2023,6,17542.0
2023-07-01,KABUPATEN CIAMIS,2023,7,31007.0
2023-08-01,KABUPATEN CIAMIS,2023,8,35047.0
2023-09-01,KABUPATEN CIAMIS,2023,9,32974.0
2023-10-01,KABUPATEN CIAMIS,2023,10,22410.0
2023-11-01,KABUPATEN CIAMIS,2023,11,7765.0
2023-12-01,KABUPATEN CIAMIS,2023,12,5932.0
2018-01-01,KABUPATEN CIANJUR,2018,1,14991.11
2018-02-01,KABUPATEN CIANJUR,2018,2,91276.0
2018-03-01,KABUPATEN CIANJUR,2018,3,120075.0
2018-04-01,KABUPATEN CIANJUR,2018,4,56371.0
2018-05-01,KABUPATEN CIANJUR,2018,5,44744.0
2018-06-01,KABUPATEN CIANJUR,2018,6,79610.0
2018-07-01,KABUPATEN CIANJUR,2018,7,97842.0
2018-08-01,KABUPATEN CIANJUR,2018,8,63653.0
2018-09-01,KABUPATEN CIANJUR,2018,9,45342.0
2018-10-01,KABUPATEN CIANJUR,2018,10,34955.0
2018-11-01,KABUPATEN CIANJUR,2018,11,29328.0
2018-12-01,KABUPATEN CIANJUR,2018,12,18925.0
2019-01-01,KABUPATEN CIANJUR,2019,1,39507.0
2019-02-01,KABUPATEN CIANJUR,2019,2,48315.0
2019-03-01,KABUPATEN CIANJUR,2019,3,150872.0
2019-04-01,KABUPATEN CIANJUR,2019,4,67686.0
2019-05-01,KABUPATEN CIANJUR,2019,5,26580.0
2019-06-01,KABUPATEN CIANJUR,2019,6,52966.0
2019-07-01,KABUPATEN CIANJUR,2019,7,85209.0
2019-08-01,KABUPATEN CIANJUR,2019,8,71476.0
2019-09-01,KABUPATEN CIANJUR,2019,9,22854.0
2019-10-01,KABUPATEN CIANJUR,2019,10,27954.0
2019-11-01,KABUPATEN CIANJUR,2019,11,28379.0
2019-12-01,KABUPATEN CIANJUR,2019,12,20006.0
2020-01-01,KABUPATEN CIANJUR,2020,1,15148.0
2020-02-01,KABUPATEN CIANJUR,2020,2,25177.0
2020-03-01,KABUPATEN CIANJUR,2020,3,48421.0
2020-04-01,KABUPATEN CIANJUR,2020,4,157799.81000000014
2020-05-01,KABUPATEN CIANJUR,2020,5,55698.0
2020-06-01,KABUPATEN CIANJUR,2020,6,15418.0
2020-07-01,KABUPATEN CIANJUR,2020,7,62714.0
2020-08-01,KABUPATEN CIANJUR,2020,8,99740.0
2020-09-01,KABUPATEN CIANJUR,2020,9,61270.0
2020-10-01,KABUPATEN CIANJUR,2020,10,18898.0
2020-11-01,KABUPATEN CIANJUR,2020,11,25979.0
2020-12-01,KABUPATEN CIANJUR,2020,12,19768.0
2021-01-01,KABUPATEN CIANJUR,2021,1,31645.0
2021-02-01,KABUPATEN CIANJUR,2021,2,81179.0
2021-03-01,KABUPATEN CIANJUR,2021,3,108534.0
2021-04-01,KABUPATEN CIANJUR,2021,4,41260.0
2021-05-01,KABUPATEN CIANJUR,2021,5,41535.0
2021-06-01,KABUPATEN CIANJUR,2021,6,51564.0
2021-07-01,KABUPATEN CIANJUR,2021,7,78704.0
2021-08-01,KABUPATEN CIANJUR,2021,8,49301.0
2021-09-01,KABUPATEN CIANJUR,2021,9,28519.0
2021-10-01,KABUPATEN CIANJUR,2021,10,35567.0
2021-11-01,KABUPATEN CIANJUR,2021,11,28766.0
2021-12-01,KABUPATEN CIANJUR,2021,12,35200.0
2022-01-01,KABUPATEN CIANJUR,2022,1,26714.0
2022-02-01,KABUPATEN CIANJUR,2022,2,98635.0
2022-03-01,KABUPATEN CIANJUR,2022,3,111429.0
2022-04-01,KABUPATEN CIANJUR,2022,4,37480.0
2022-05-01,KABUPATEN CIANJUR,2022,5,35416.0
2022-06-01,KABUPATEN CIANJUR,2022,6,69607.0
2022-07-01,KABUPATEN CIANJUR,2022,7,72436.0
2022-08-01,KABUPATEN CIANJUR,2022,8,46883.0
2022-09-01,KABUPATEN CIANJUR,2022,9,30607.0
2022-10-01,KABUPATEN CIANJUR,2022,10,33078.0
2022-11-01,KABUPATEN CIANJUR,2022,11,36727.0
2022-12-01,KABUPATEN CIANJUR,2022,12,18933.0
2023-01-01,KABUPATEN CIANJUR,2023,1,95720.0
2023-02-01,KABUPATEN CIANJUR,2023,2,73260.0
2023-03-01,KABUPATEN CIANJUR,2023,3,77750.0
2023-04-01,KABUPATEN CIANJUR,2023,4,38402.0
2023-05-01,KABUPATEN CIANJUR,2023,5,75154.0
2023-06-01,KABUPATEN CIANJUR,2023,6,70604.0
2023-07-01,KABUPATEN CIANJUR,2023,7,54293.0
2023-08-01,KABUPATEN CIANJUR,2023,8,47450.0
2023-09-01,KABUPATEN CIANJUR,2023,9,39003.0
2023-10-01,KABUPATEN CIANJUR,2023,10,28365.0
2023-11-01,KABUPATEN CIANJUR,2023,11,32605.0
2023-12-01,KABUPATEN CIANJUR,2023,12,17516.0
2018-01-01,KABUPATEN CIREBON,2018,1,13095.0
2018-02-01,KABUPATEN CIREBON,2018,2,24628.0
2018-03-01,KABUPATEN CIREBON,2018,3,78763.0
2018-04-01,KABUPATEN CIREBON,2018,4,110839.79000000002
2018-05-01,KABUPATEN CIREBON,2018,5,57751.0
2018-06-01,KABUPATEN CIREBON,2018,6,16995.0
2018-07-01,KABUPATEN CIREBON,2018,7,49779.0
2018-08-01,KABUPATEN CIREBON,2018,8,56345.0
2018-09-01,KABUPATEN CIREBON,2018,9,57903.0
2018-10-01,KABUPATEN CIREBON,2018,10,56791.0
2018-11-01,KABUPATEN CIREBON,2018,11,20296.0
2018-12-01,KABUPATEN CIREBON,2018,12,7001.0
2019-01-01,KABUPATEN CIREBON,2019,1,6870.0
2019-02-01,KABUPATEN CIREBON,2019,2,4524.0
2019-03-01,KABUPATEN CIREBON,2019,3,39827.0
2019-04-01,KABUPATEN CIREBON,2019,4,109868.0
2019-05-01,KABUPATEN CIREBON,2019,5,85528.0
2019-06-01,KABUPATEN CIREBON,2019,6,17660.0
2019-07-01,KABUPATEN CIREBON,2019,7,46582.0
2019-08-01,KABUPATEN CIREBON,2019,8,49224.0
2019-09-01,KABUPATEN CIREBON,2019,9,51085.0
2019-10-01,KABUPATEN CIREBON,2019,10,75162.0
2019-11-01,KABUPATEN CIREBON,2019,11,12233.0
2019-12-01,KABUPATEN CIREBON,2019,12,4011.0
2020-01-01,KABUPATEN CIREBON,2020,1,10357.0
2020-02-01,KABUPATEN CIREBON,2020,2,2235.0099999999998
2020-03-01,KABUPATEN CIREBON,2020,3,2882.0
2020-04-01,KABUPATEN CIREBON,2020,4,101164.0
2020-05-01,KABUPATEN CIREBON,2020,5,98217.0
2020-06-01,KABUPATEN CIREBON,2020,6,37689.0
2020-07-01,KABUPATEN CIREBON,2020,7,22617.0
2020-08-01,KABUPATEN CIREBON,2020,8,60126.0
2020-09-01,KABUPATEN CIREBON,2020,9,53130.0
2020-10-01,KABUPATEN CIREBON,2020,10,80363.0
2020-11-01,KABUPATEN CIREBON,2020,11,26317.0
2020-12-01,KABUPATEN CIREBON,2020,12,3567.0
2021-01-01,KABUPATEN CIREBON,2021,1,8283.0
2021-02-01,KABUPATEN CIREBON,2021,2,4028.0
2021-03-01,KABUPATEN CIREBON,2021,3,73931.0
2021-04-01,KABUPATEN CIREBON,2021,4,78006.0
2021-05-01,KABUPATEN CIREBON,2021,5,46249.0
2021-06-01,KABUPATEN CIREBON,2021,6,25606.0
2021-07-01,KABUPATEN CIREBON,2021,7,56229.0
2021-08-01,KABUPATEN CIREBON,2021,8,38864.0
2021-09-01,KABUPATEN CIREBON,2021,9,46023.0
2021-10-01,KABUPATEN CIREBON,2021,10,62867.0
2021-11-01,KABUPATEN CIREBON,2021,11,18703.0
2021-12-01,KABUPATEN CIREBON,2021,12,5942.0
2022-01-01,KABUPATEN CIREBON,2022,1,3280.0
2022-02-01,KABUPATEN CIREBON,2022,2,5655.0
2022-03-01,KABUPATEN CIREBON,2022,3,69519.0
2022-04-01,KABUPATEN CIREBON,2022,4,103186.0
2022-05-01,KABUPATEN CIREBON,2022,5,49343.0
2022-06-01,KABUPATEN CIREBON,2022,6,17173.0
2022-07-01,KABUPATEN CIREBON,2022,7,50029.0
2022-08-01,KABUPATEN CIREBON,2022,8,48297.0
2022-09-01,KABUPATEN CIREBON,2022,9,70831.0
2022-10-01,KABUPATEN CIREBON,2022,10,50999.0
2022-11-01,KABUPATEN CIREBON,2022,11,21772.0
2022-12-01,KABUPATEN CIREBON,2022,12,4621.0
2023-01-01,KABUPATEN CIREBON,2023,1,6875.0
2023-02-01,KABUPATEN CIREBON,2023,2,8965.0
2023-03-01,KABUPATEN CIREBON,2023,3,76950.0
2023-04-01,KABUPATEN CIREBON,2023,4,66240.0
2023-05-01,KABUPATEN CIREBON,2023,5,71380.0
2023-06-01,KABUPATEN CIREBON,2023,6,33167.0
2023-07-01,KABUPATEN CIREBON,2023,7,51208.0
2023-08-01,KABUPATEN CIREBON,2023,8,41785.0
2023-09-01,KABUPATEN CIREBON,2023,9,34161.0
2023-10-01,KABUPATEN CIREBON,2023,10,64062.0
2023-11-01,KABUPATEN CIREBON,2023,11,36132.0
2023-12-01,KABUPATEN CIREBON,2023,12,4953.0
2018-01-01,KABUPATEN GARUT,2018,1,15307.779999999999
2018-02-01,KABUPATEN GARUT,2018,2,51580.0
2018-03-01,KABUPATEN GARUT,2018,3,58121.0
2018-04-01,KABUPATEN GARUT,2018,4,47245.0
2018-05-01,KABUPATEN GARUT,2018,5,36530.0
2018-06-01,KABUPATEN GARUT,2018,6,47396.0
2018-07-01,KABUPATEN GARUT,2018,7,55542.0
2018-08-01,KABUPATEN GARUT,2018,8,35084.0
2018-09-01,KABUPATEN GARUT,2018,9,30280.0
2018-10-01,KABUPATEN GARUT,2018,10,27472.0
2018-11-01,KABUPATEN GARUT,2018,11,27950.0
2018-12-01,KABUPATEN GARUT,2018,12,20072.0
2019-01-01,KABUPATEN GARUT,2019,1,16676.0
2019-02-01,KABUPATEN GARUT,2019,2,25263.0
2019-03-01,KABUPATEN GARUT,2019,3,76029.38000000003
2019-04-01,KABUPATEN GARUT,2019,4,66657.0
2019-05-01,KABUPATEN GARUT,2019,5,33336.0
2019-06-01,KABUPATEN GARUT,2019,6,34258.0
2019-07-01,KABUPATEN GARUT,2019,7,50421.0
2019-08-01,KABUPATEN GARUT,2019,8,39377.0
2019-09-01,KABUPATEN GARUT,2019,9,42730.0
2019-10-01,KABUPATEN GARUT,2019,10,19216.0
2019-11-01,KABUPATEN GARUT,2019,11,24331.0
2019-12-01,KABUPATEN GARUT,2019,12,17036.0
2020-01-01,KABUPATEN GARUT,2020,1,20942.0
2020-02-01,KABUPATEN GARUT,2020,2,18727.0
2020-03-01,KABUPATEN GARUT,2020,3,20246.0
2020-04-01,KABUPATEN GARUT,2020,4,74370.0
2020-05-01,KABUPATEN GARUT,2020,5,63614.0
2020-06-01,KABUPATEN GARUT,2020,6,28522.0
2020-07-01,KABUPATEN GARUT,2020,7,25691.0
2020-08-01,KABUPATEN GARUT,2020,8,42122.0
2020-09-01,KABUPATEN GARUT,2020,9,56638.0
2020-10-01,KABUPATEN GARUT,2020,10,31458.0
2020-11-01,KABUPATEN GARUT,2020,11,24623.0
2020-12-01,KABUPATEN GARUT,2020,12,17960.0
2021-01-01,KABUPATEN GARUT,2021,1,25598.0
2021-02-01,KABUPATEN GARUT,2021,2,52317.0
2021-03-01,KABUPATEN GARUT,2021,3,70302.0
2021-04-01,KABUPATEN GARUT,2021,4,41249.0
2021-05-01,KABUPATEN GARUT,2021,5,33671.0
2021-06-01,KABUPATEN GARUT,2021,6,42912.0
2021-07-01,KABUPATEN GARUT,2021,7,52809.0
2021-08-01,KABUPATEN GARUT,2021,8,32383.0
2021-09-01,KABUPATEN GARUT,2021,9,16531.0
2021-10-01,KABUPATEN GARUT,2021,10,25026.0
2021-11-01,KABUPATEN GARUT,2021,11,25492.0
2021-12-01,KABUPATEN GARUT,2021,12,25030.0
2022-01-01,KABUPATEN GARUT,2022,1,22246.0
2022-02-01,KABUPATEN GARUT,2022,2,35981.0
2022-03-01,KABUPATEN GARUT,2022,3,69700.0
2022-04-01,KABUPATEN GARUT,2022,4,50388.0
2022-05-01,KABUPATEN GARUT,2022,5,26809.0
2022-06-01,KABUPATEN GARUT,2022,6,43414.0
2022-07-01,KABUPATEN GARUT,2022,7,52771.0
2022-08-01,KABUPATEN GARUT,2022,8,40887.0
2022-09-01,KABUPATEN GARUT,2022,9,22687.0
2022-10-01,KABUPATEN GARUT,2022,10,22156.0
2022-11-01,KABUPATEN GARUT,2022,11,28599.0
2022-12-01,KABUPATEN GARUT,2022,12,25685.0
2023-01-01,KABUPATEN GARUT,2023,1,46342.0
2023-02-01,KABUPATEN GARUT,2023,2,48854.0
2023-03-01,KABUPATEN GARUT,2023,3,39933.0
2023-04-01,KABUPATEN GARUT,2023,4,32839.0
2023-05-01,KABUPATEN GARUT,2023,5,43197.0
2023-06-01,KABUPATEN GARUT,2023,6,73090.0
2023-07-01,KABUPATEN GARUT,2023,7,45147.0
2023-08-01,KABUPATEN GARUT,2023,8,21451.0
2023-09-01,KABUPATEN GARUT,2023,9,28112.0
2023-10-01,KABUPATEN GARUT,2023,10,22171.0
2023-11-01,KABUPATEN GARUT,2023,11,30843.0
2023-12-01,KABUPATEN GARUT,2023,12,21807.0
2018-01-01,KABUPATEN INDRAMAYU,2018,1,9459.0
2018-02-01,KABUPATEN INDRAMAYU,2018,2,59026.0
2018-03-01,KABUPATEN INDRAMAYU,2018,3,221473.0
2018-04-01,KABUPATEN INDRAMAYU,2018,4,330083.0
2018-05-01,KABUPATEN INDRAMAYU,2018,5,114508.0
2018-06-01,KABUPATEN INDRAMAYU,2018,6,90327.0
2018-07-01,KABUPATEN INDRAMAYU,2018,7,99713.0
2018-08-01,KABUPATEN INDRAMAYU,2018,8,154208.0
2018-09-01,KABUPATEN INDRAMAYU,2018,9,214137.0
2018-10-01,KABUPATEN INDRAMAYU,2018,10,48321.0
2018-11-01,KABUPATEN INDRAMAYU,2018,11,64107.0
2018-12-01,KABUPATEN INDRAMAYU,2018,12,9370.0
2019-01-01,KABUPATEN INDRAMAYU,2019,1,6605.0
2019-02-01,KABUPATEN INDRAMAYU,2019,2,10688.0
2019-03-01,KABUPATEN INDRAMAYU,2019,3,228210.0
2019-04-01,KABUPATEN INDRAMAYU,2019,4,405780.0
2019-05-01,KABUPATEN INDRAMAYU,2019,5,94130.0
2019-06-01,KABUPATEN INDRAMAYU,2019,6,48673.0
2019-07-01,KABUPATEN INDRAMAYU,2019,7,99068.0
2019-08-01,KABUPATEN INDRAMAYU,2019,8,134687.0
2019-09-01,KABUPATEN INDRAMAYU,2019,9,239147.0
2019-10-01,KABUPATEN INDRAMAYU,2019,10,44675.0
2019-11-01,KABUPATEN INDRAMAYU,2019,11,46775.0
2019-12-01,KABUPATEN INDRAMAYU,2019,12,17992.0
2020-01-01,KABUPATEN INDRAMAYU,2020,1,7249.0
2020-02-01,KABUPATEN INDRAMAYU,2020,2,3792.0
2020-03-01,KABUPATEN INDRAMAYU,2020,3,27104.0
2020-04-01,KABUPATEN INDRAMAYU,2020,4,310093.0
2020-05-01,KABUPATEN INDRAMAYU,2020,5,261638.0
2020-06-01,KABUPATEN INDRAMAYU,2020,6,55932.0
2020-07-01,KABUPATEN INDRAMAYU,2020,7,49645.0
2020-08-01,KABUPATEN INDRAMAYU,2020,8,123484.0
2020-09-01,KABUPATEN INDRAMAYU,2020,9,339787.0
2020-10-01,KABUPATEN INDRAMAYU,2020,10,106404.0
2020-11-01,KABUPATEN INDRAMAYU,2020,11,70779.0
2020-12-01,KABUPATEN INDRAMAYU,2020,12,7404.0
2021-01-01,KABUPATEN INDRAMAYU,2021,1,8037.0
2021-02-01,KABUPATEN INDRAMAYU,2021,2,9490.0
2021-03-01,KABUPATEN INDRAMAYU,2021,3,165119.0
2021-04-01,KABUPATEN INDRAMAYU,2021,4,365959.0
2021-05-01,KABUPATEN INDRAMAYU,2021,5,116532.0
2021-06-01,KABUPATEN INDRAMAYU,2021,6,36802.0
2021-07-01,KABUPATEN INDRAMAYU,2021,7,110081.0
2021-08-01,KABUPATEN INDRAMAYU,2021,8,140650.0
2021-09-01,KABUPATEN INDRAMAYU,2021,9,215652.0
2021-10-01,KABUPATEN INDRAMAYU,2021,10,79080.0
2021-11-01,KABUPATEN INDRAMAYU,2021,11,61457.0
2021-12-01,KABUPATEN INDRAMAYU,2021,12,10763.0
2022-01-01,KABUPATEN INDRAMAYU,2022,1,7633.0
2022-02-01,KABUPATEN INDRAMAYU,2022,2,25911.0
2022-03-01,KABUPATEN INDRAMAYU,2022,3,224602.0
2022-04-01,KABUPATEN INDRAMAYU,2022,4,416337.45000000024
2022-05-01,KABUPATEN INDRAMAYU,2022,5,99722.0
2022-06-01,KABUPATEN INDRAMAYU,2022,6,44973.0
2022-07-01,KABUPATEN INDRAMAYU,2022,7,94672.0
2022-08-01,KABUPATEN INDRAMAYU,2022,8,160930.0
2022-09-01,KABUPATEN INDRAMAYU,2022,9,266602.0
2022-10-01,KABUPATEN INDRAMAYU,2022,10,99494.0
2022-11-01,KABUPATEN INDRAMAYU,2022,11,12792.0
2022-12-01,KABUPATEN INDRAMAYU,2022,12,2745.0
2023-01-01,KABUPATEN INDRAMAYU,2023,1,1279.42
2023-02-01,KABUPATEN INDRAMAYU,2023,2,12991.0
2023-03-01,KABUPATEN INDRAMAYU,2023,3,193606.0
2023-04-01,KABUPATEN INDRAMAYU,2023,4,311496.0
2023-05-01,KABUPATEN INDRAMAYU,2023,5,240025.0
2023-06-01,KABUPATEN INDRAMAYU,2023,6,31555.0
2023-07-01,KABUPATEN INDRAMAYU,2023,7,111184.0
2023-08-01,KABUPATEN INDRAMAYU,2023,8,56083.0
2023-09-01,KABUPATEN INDRAMAYU,2023,9,169149.0
2023-10-01,KABUPATEN INDRAMAYU,2023,10,216914.0
2023-11-01,KABUPATEN INDRAMAYU,2023,11,79498.0
2023-12-01,KABUPATEN INDRAMAYU,2023,12,1802.0
2018-01-01,KABUPATEN KARAWANG,2018,1,37984.0
2018-02-01,KABUPATEN KARAWANG,2018,2,45670.0
2018-03-01,KABUPATEN KARAWANG,2018,3,81053.0
2018-04-01,KABUPATEN KARAWANG,2018,4,82093.0
2018-05-01,KABUPATEN KARAWANG,2018,5,182670.0
2018-06-01,KABUPATEN KARAWANG,2018,6,135087.0
2018-07-01,KABUPATEN KARAWANG,2018,7,69861.0
2018-08-01,KABUPATEN KARAWANG,2018,8,52291.0
2018-09-01,KABUPATEN KARAWANG,2018,9,86049.0
2018-10-01,KABUPATEN KARAWANG,2018,10,86824.0
2018-11-01,KABUPATEN KARAWANG,2018,11,163129.0
2018-12-01,KABUPATEN KARAWANG,2018,12,110961.0
2019-01-01,KABUPATEN KARAWANG,2019,1,31774.0
2019-02-01,KABUPATEN KARAWANG,2019,2,10792.83
2019-03-01,KABUPATEN KARAWANG,2019,3,52010.0
2019-04-01,KABUPATEN KARAWANG,2019,4,141195.0
2019-05-01,KABUPATEN KARAWANG,2019,5,172345.0
2019-06-01,KABUPATEN KARAWANG,2019,6,139010.0
2019-07-01,KABUPATEN KARAWANG,2019,7,50978.0
2019-08-01,KABUPATEN KARAWANG,2019,8,20402.0
2019-09-01,KABUPATEN KARAWANG,2019,9,64675.0
2019-10-01,KABUPATEN KARAWANG,2019,10,112292.0
2019-11-01,KABUPATEN KARAWANG,2019,11,165193.0
2019-12-01,KABUPATEN KARAWANG,2019,12,158761.0
2020-01-01,KABUPATEN KARAWANG,2020,1,73032.0
2020-02-01,KABUPATEN KARAWANG,2020,2,11452.0
2020-03-01,KABUPATEN KARAWANG,2020,3,23349.0
2020-04-01,KABUPATEN KARAWANG,2020,4,71418.0
2020-05-01,KABUPATEN KARAWANG,2020,5,113215.0
2020-06-01,KABUPATEN KARAWANG,2020,6,186499.1600000001
2020-07-01,KABUPATEN KARAWANG,2020,7,162287.0
2020-08-01,KABUPATEN KARAWANG,2020,8,15624.0
2020-09-01,KABUPATEN KARAWANG,2020,9,47448.0
2020-10-01,KABUPATEN KARAWANG,2020,10,76123.0
2020-11-01,KABUPATEN KARAWANG,2020,11,126058.0
2020-12-01,KABUPATEN KARAWANG,2020,12,171992.0
2021-01-01,KABUPATEN KARAWANG,2021,1,141115.0
2021-02-01,KABUPATEN KARAWANG,2021,2,36154.0
2021-03-01,KABUPATEN KARAWANG,2021,3,63254.0
2021-04-01,KABUPATEN KARAWANG,2021,4,93511.0
2021-05-01,KABUPATEN KARAWANG,2021,5,111771.0
2021-06-01,KABUPATEN KARAWANG,2021,6,171518.0
2021-07-01,KABUPATEN KARAWANG,2021,7,150938.0
2021-08-01,KABUPATEN KARAWANG,2021,8,38803.0
2021-09-01,KABUPATEN KARAWANG,2021,9,60785.0
2021-10-01,KABUPATEN KARAWANG,2021,10,113527.0
2021-11-01,KABUPATEN KARAWANG,2021,11,101596.0
2021-12-01,KABUPATEN KARAWANG,2021,12,151161.0
2022-01-01,KABUPATEN KARAWANG,2022,1,153426.0
2022-02-01,KABUPATEN KARAWANG,2022,2,32323.0
2022-03-01,KABUPATEN KARAWANG,2022,3,76181.0
2022-04-01,KABUPATEN KARAWANG,2022,4,126453.0
2022-05-01,KABUPATEN KARAWANG,2022,5,71464.0
2022-06-01,KABUPATEN KARAWANG,2022,6,158037.0
2022-07-01,KABUPATEN KARAWANG,2022,7,129088.0
2022-08-01,KABUPATEN KARAWANG,2022,8,50631.0
2022-09-01,KABUPATEN KARAWANG,2022,9,81208.0
2022-10-01,KABUPATEN KARAWANG,2022,10,97472.0
2022-11-01,KABUPATEN KARAWANG,2022,11,120571.0
2022-12-01,KABUPATEN KARAWANG,2022,12,130033.0
2023-01-01,KABUPATEN KARAWANG,2023,1,87794.0
2023-02-01,KABUPATEN KARAWANG,2023,2,68717.0
2023-03-01,KABUPATEN KARAWANG,2023,3,104586.0
2023-04-01,KABUPATEN KARAWANG,2023,4,74445.0
2023-05-01,KABUPATEN KARAWANG,2023,5,118453.0
2023-06-01,KABUPATEN KARAWANG,2023,6,120652.0
2023-07-01,KABUPATEN KARAWANG,2023,7,120115.0
2023-08-01,KABUPATEN KARAWANG,2023,8,65597.0
2023-09-01,KABUPATEN KARAWANG,2023,9,86642.0
2023-10-01,KABUPATEN KARAWANG,2023,10,49373.0
2023-11-01,KABUPATEN KARAWANG,2023,11,66035.0
2023-12-01,KABUPATEN KARAWANG,2023,12,169568.0
2018-01-01,KABUPATEN KUNINGAN,2018,1,4134.0
2018-02-01,KABUPATEN KUNINGAN,2018,2,20994.0
2018-03-01,KABUPATEN KUNINGAN,2018,3,59293.0
2018-04-01,KABUPATEN KUNINGAN,2018,4,39722.0
2018-05-01,KABUPATEN KUNINGAN,2018,5,18270.0
2018-06-01,KABUPATEN KUNINGAN,2018,6,26567.0
2018-07-01,KABUPATEN KUNINGAN,2018,7,59914.0
2018-08-01,KABUPATEN KUNINGAN,2018,8,31322.0
2018-09-01,KABUPATEN KUNINGAN,2018,9,21762.0
2018-10-01,KABUPATEN KUNINGAN,2018,10,8687.0
2018-11-01,KABUPATEN KUNINGAN,2018,11,16132.0
2018-12-01,KABUPATEN KUNINGAN,2018,12,7647.0
2019-01-01,KABUPATEN KUNINGAN,2019,1,8789.0
2019-02-01,KABUPATEN KUNINGAN,2019,2,8133.0
2019-03-01,KABUPATEN KUNINGAN,2019,3,31962.0
2019-04-01,KABUPATEN KUNINGAN,2019,4,57741.0
2019-05-01,KABUPATEN KUNINGAN,2019,5,17651.0
2019-06-01,KABUPATEN KUNINGAN,2019,6,10920.0
2019-07-01,KABUPATEN KUNINGAN,2019,7,30551.0
2019-08-01,KABUPATEN KUNINGAN,2019,8,33307.0
2019-09-01,KABUPATEN KUNINGAN,2019,9,9019.0
2019-10-01,KABUPATEN KUNINGAN,2019,10,3926.0
2019-11-01,KABUPATEN KUNINGAN,2019,11,3660.36
2019-12-01,KABUPATEN KUNINGAN,2019,12,4944.0
2020-01-01,KABUPATEN KUNINGAN,2020,1,9012.0
2020-02-01,KABUPATEN KUNINGAN,2020,2,14373.0
2020-03-01,KABUPATEN KUNINGAN,2020,3,36645.0
2020-04-01,KABUPATEN KUNINGAN,2020,4,63460.65
2020-05-01,KABUPATEN KUNINGAN,2020,5,27659.0
2020-06-01,KABUPATEN KUNINGAN,2020,6,9190.0
2020-07-01,KABUPATEN KUNINGAN,2020,7,23660.0
2020-08-01,KABUPATEN KUNINGAN,2020,8,45263.0
2020-09-01,KABUPATEN KUNINGAN,2020,9,23913.0
2020-10-01,KABUPATEN KUNINGAN,2020,10,7422.0
2020-11-01,KABUPATEN KUNINGAN,2020,11,7733.0
2020-12-01,KABUPATEN KUNINGAN,2020,12,8856.0
2021-01-01,KABUPATEN KUNINGAN,2021,1,15134.0
2021-02-01,KABUPATEN KUNINGAN,2021,2,10216.0
2021-03-01,KABUPATEN KUNINGAN,2021,3,57089.0
2021-04-01,KABUPATEN KUNINGAN,2021,4,26490.0
2021-05-01,KABUPATEN KUNINGAN,2021,5,21602.0
2021-06-01,KABUPATEN KUNINGAN,2021,6,20793.0
2021-07-01,KABUPATEN KUNINGAN,2021,7,61871.0
2021-08-01,KABUPATEN KUNINGAN,2021,8,15810.0
2021-09-01,KABUPATEN KUNINGAN,2021,9,16235.0
2021-10-01,KABUPATEN KUNINGAN,2021,10,9773.0
2021-11-01,KABUPATEN KUNINGAN,2021,11,11200.0
2021-12-01,KABUPATEN KUNINGAN,2021,12,9681.0
2022-01-01,KABUPATEN KUNINGAN,2022,1,13922.0
2022-02-01,KABUPATEN KUNINGAN,2022,2,9709.0
2022-03-01,KABUPATEN KUNINGAN,2022,3,63407.0
2022-04-01,KABUPATEN KUNINGAN,2022,4,23943.0
2022-05-01,KABUPATEN KUNINGAN,2022,5,17407.0
2022-06-01,KABUPATEN KUNINGAN,2022,6,18733.0
2022-07-01,KABUPATEN KUNINGAN,2022,7,57854.0
2022-08-01,KABUPATEN KUNINGAN,2022,8,15955.0
2022-09-01,KABUPATEN KUNINGAN,2022,9,12906.0
2022-10-01,KABUPATEN KUNINGAN,2022,10,13457.0
2022-11-01,KABUPATEN KUNINGAN,2022,11,17593.0
2022-12-01,KABUPATEN KUNINGAN,2022,12,12705.0
2023-01-01,KABUPATEN KUNINGAN,2023,1,9363.0
2023-02-01,KABUPATEN KUNINGAN,2023,2,15496.0
2023-03-01,KABUPATEN KUNINGAN,2023,3,54608.0
2023-04-01,KABUPATEN KUNINGAN,2023,4,29796.0
2023-05-01,KABUPATEN KUNINGAN,2023,5,15613.0
2023-06-01,KABUPATEN KUNINGAN,2023,6,30538.0
2023-07-01,KABUPATEN KUNINGAN,2023,7,45141.0
2023-08-01,KABUPATEN KUNINGAN,2023,8,18789.0
2023-09-01,KABUPATEN KUNINGAN,2023,9,16841.0
2023-10-01,KABUPATEN KUNINGAN,2023,10,7366.0
2023-11-01,KABUPATEN KUNINGAN,2023,11,9816.0
2023-12-01,KABUPATEN KUNINGAN,2023,12,7657.0
2018-01-01,KABUPATEN MAJALENGKA,2018,1,5500.0
2018-02-01,KABUPATEN MAJALENGKA,2018,2,33994.0
2018-03-01,KABUPATEN MAJALENGKA,2018,3,168178.0
2018-04-01,KABUPATEN MAJALENGKA,2018,4,42130.0
2018-05-01,KABUPATEN MAJALENGKA,2018,5,26669.0
2018-06-01,KABUPATEN MAJALENGKA,2018,6,42530.0
2018-07-01,KABUPATEN MAJALENGKA,2018,7,122552.0
2018-08-01,KABUPATEN MAJALENGKA,2018,8,46340.0
2018-09-01,KABUPATEN MAJALENGKA,2018,9,36821.0
2018-10-01,KABUPATEN MAJALENGKA,2018,10,7846.0
2018-11-01,KABUPATEN MAJALENGKA,2018,11,13572.0
2018-12-01,KABUPATEN MAJALENGKA,2018,12,8100.0
2019-01-01,KABUPATEN MAJALENGKA,2019,1,5071.0
2019-02-01,KABUPATEN MAJALENGKA,2019,2,7906.0
2019-03-01,KABUPATEN MAJALENGKA,2019,3,184938.0
2019-04-01,KABUPATEN MAJALENGKA,2019,4,63914.0
2019-05-01,KABUPATEN MAJALENGKA,2019,5,30523.0
2019-06-01,KABUPATEN MAJALENGKA,2019,6,26732.0
2019-07-01,KABUPATEN MAJALENGKA,2019,7,134865.0
2019-08-01,KABUPATEN MAJALENGKA,2019,8,71962.0
2019-09-01,KABUPATEN MAJALENGKA,2019,9,15550.0
2019-10-01,KABUPATEN MAJALENGKA,2019,10,6931.0
2019-11-01,KABUPATEN MAJALENGKA,2019,11,14468.0
2019-12-01,KABUPATEN MAJALENGKA,2019,12,9146.0
2020-01-01,KABUPATEN MAJALENGKA,2020,1,7101.0
2020-02-01,KABUPATEN MAJALENGKA,2020,2,3997.1
2020-03-01,KABUPATEN MAJALENGKA,2020,3,78380.0
2020-04-01,KABUPATEN MAJALENGKA,2020,4,164372.0
2020-05-01,KABUPATEN MAJALENGKA,2020,5,37413.0
2020-06-01,KABUPATEN MAJALENGKA,2020,6,15257.0
2020-07-01,KABUPATEN MAJALENGKA,2020,7,91766.0
2020-08-01,KABUPATEN MAJALENGKA,2020,8,105669.0
2020-09-01,KABUPATEN MAJALENGKA,2020,9,26803.0
2020-10-01,KABUPATEN MAJALENGKA,2020,10,9842.0
2020-11-01,KABUPATEN MAJALENGKA,2020,11,14740.0
2020-12-01,KABUPATEN MAJALENGKA,2020,12,12067.0
2021-01-01,KABUPATEN MAJALENGKA,2021,1,9950.0
2021-02-01,KABUPATEN MAJALENGKA,2021,2,7496.0
2021-03-01,KABUPATEN MAJALENGKA,2021,3,169609.0
2021-04-01,KABUPATEN MAJALENGKA,2021,4,66079.0
2021-05-01,KABUPATEN MAJALENGKA,2021,5,20313.0
2021-06-01,KABUPATEN MAJALENGKA,2021,6,27946.0
2021-07-01,KABUPATEN MAJALENGKA,2021,7,129674.0
2021-08-01,KABUPATEN MAJALENGKA,2021,8,50838.0
2021-09-01,KABUPATEN MAJALENGKA,2021,9,11844.0
2021-10-01,KABUPATEN MAJALENGKA,2021,10,16857.0
2021-11-01,KABUPATEN MAJALENGKA,2021,11,15082.0
2021-12-01,KABUPATEN MAJALENGKA,2021,12,8563.0
2022-01-01,KABUPATEN MAJALENGKA,2022,1,4435.0
2022-02-01,KABUPATEN MAJALENGKA,2022,2,16627.0
2022-03-01,KABUPATEN MAJALENGKA,2022,3,185489.29
2022-04-01,KABUPATEN MAJALENGKA,2022,4,61544.0
2022-05-01,KABUPATEN MAJALENGKA,2022,5,20136.0
2022-06-01,KABUPATEN MAJALENGKA,2022,6,26470.0
2022-07-01,KABUPATEN MAJALENGKA,2022,7,144543.0
2022-08-01,KABUPATEN MAJALENGKA,2022,8,54733.0
2022-09-01,KABUPATEN MAJALENGKA,2022,9,13642.0
2022-10-01,KABUPATEN MAJALENGKA,2022,10,7657.0
2022-11-01,KABUPATEN MAJALENGKA,2022,11,21746.0
2022-12-01,KABUPATEN MAJALENGKA,2022,12,7722.0
2023-01-01,KABUPATEN MAJALENGKA,2023,1,8617.0
2023-02-01,KABUPATEN MAJALENGKA,2023,2,21920.0
2023-03-01,KABUPATEN MAJALENGKA,2023,3,180997.0
2023-04-01,KABUPATEN MAJALENGKA,2023,4,50733.0
2023-05-01,KABUPATEN MAJALENGKA,2023,5,19339.0
2023-06-01,KABUPATEN MAJALENGKA,2023,6,39435.0
2023-07-01,KABUPATEN MAJALENGKA,2023,7,131804.0
2023-08-01,KABUPATEN MAJALENGKA,2023,8,50544.0
2023-09-01,KABUPATEN MAJALENGKA,2023,9,15826.0
2023-10-01,KABUPATEN MAJALENGKA,2023,10,9596.0
2023-11-01,KABUPATEN MAJALENGKA,2023,11,17769.0
2023-12-01,KABUPATEN MAJALENGKA,2023,12,11849.0
2018-01-01,KABUPATEN PANGANDARAN,2018,1,500.0
2018-02-01,KABUPATEN PANGANDARAN,2018,2,23533.0
2018-03-01,KABUPATEN PANGANDARAN,2018,3,55965.0
2018-04-01,KABUPATEN PANGANDARAN,2018,4,8976.0
2018-05-01,KABUPATEN PANGANDARAN,2018,5,3811.0
2018-06-01,KABUPATEN PANGANDARAN,2018,6,588.0
2018-07-01,KABUPATEN PANGANDARAN,2018,7,26639.0
2018-08-01,KABUPATEN PANGANDARAN,2018,8,56761.0
2018-09-01,KABUPATEN PANGANDARAN,2018,9,15122.0
2018-10-01,KABUPATEN PANGANDARAN,2018,10,2210.0
2018-11-01,KABUPATEN PANGANDARAN,2018,11,1251.5
2018-12-01,KABUPATEN PANGANDARAN,2018,12,293.0
2019-01-01,KABUPATEN PANGANDARAN,2019,1,876.0
2019-02-01,KABUPATEN PANGANDARAN,2019,2,2247.0
2019-03-01,KABUPATEN PANGANDARAN,2019,3,57210.21000000001
2019-04-01,KABUPATEN PANGANDARAN,2019,4,31276.0
2019-05-01,KABUPATEN PANGANDARAN,2019,5,1340.0
2019-06-01,KABUPATEN PANGANDARAN,2019,6,6543.5
2019-07-01,KABUPATEN PANGANDARAN,2019,7,11747.0
2019-08-01,KABUPATEN PANGANDARAN,2019,8,50233.0
2019-09-01,KABUPATEN PANGANDARAN,2019,9,18567.0
2019-10-01,KABUPATEN PANGANDARAN,2019,10,15647.5
2019-11-01,KABUPATEN PANGANDARAN,2019,11,12728.0
2019-12-01,KABUPATEN PANGANDARAN,2019,12,9808.5
2020-01-01,KABUPATEN PANGANDARAN,2020,1,6889.0
2020-02-01,KABUPATEN PANGANDARAN,2020,2,3969.5
2020-03-01,KABUPATEN PANGANDARAN,2020,3,1050.0
2020-04-01,KABUPATEN PANGANDARAN,2020,4,32345.0
2020-05-01,KABUPATEN PANGANDARAN,2020,5,33532.0
2020-06-01,KABUPATEN PANGANDARAN,2020,6,7213.0
2020-07-01,KABUPATEN PANGANDARAN,2020,7,2246.0
2020-08-01,KABUPATEN PANGANDARAN,2020,8,2568.0
2020-09-01,KABUPATEN PANGANDARAN,2020,9,53994.0
2020-10-01,KABUPATEN PANGANDARAN,2020,10,19905.0
2020-11-01,KABUPATEN PANGANDARAN,2020,11,2131.0
2020-12-01,KABUPATEN PANGANDARAN,2020,12,1414.5
2021-01-01,KABUPATEN PANGANDARAN,2021,1,698.0
2021-02-01,KABUPATEN PANGANDARAN,2021,2,18421.0
2021-03-01,KABUPATEN PANGANDARAN,2021,3,49792.0
2021-04-01,KABUPATEN PANGANDARAN,2021,4,9561.0
2021-05-01,KABUPATEN PANGANDARAN,2021,5,583.0
2021-06-01,KABUPATEN PANGANDARAN,2021,6,1497.0
2021-07-01,KABUPATEN PANGANDARAN,2021,7,21993.0
2021-08-01,KABUPATEN PANGANDARAN,2021,8,25559.0
2021-09-01,KABUPATEN PANGANDARAN,2021,9,10765.0
2021-10-01,KABUPATEN PANGANDARAN,2021,10,938.0
2021-11-01,KABUPATEN PANGANDARAN,2021,11,566.0
2021-12-01,KABUPATEN PANGANDARAN,2021,12,194.0
2022-01-01,KABUPATEN PANGANDARAN,2022,1,1643.0
2022-02-01,KABUPATEN PANGANDARAN,2022,2,17392.0
2022-03-01,KABUPATEN PANGANDARAN,2022,3,48617.0
2022-04-01,KABUPATEN PANGANDARAN,2022,4,9123.0
2022-05-01,KABUPATEN PANGANDARAN,2022,5,540.0
2022-06-01,KABUPATEN PANGANDARAN,2022,6,254.0
2022-07-01,KABUPATEN PANGANDARAN,2022,7,21622.0
2022-08-01,KABUPATEN PANGANDARAN,2022,8,37304.0
2022-09-01,KABUPATEN PANGANDARAN,2022,9,11728.0
2022-10-01,KABUPATEN PANGANDARAN,2022,10,228.0
2022-11-01,KABUPATEN PANGANDARAN,2022,11,228.0
2022-12-01,KABUPATEN PANGANDARAN,2022,12,2315.0
2023-01-01,KABUPATEN PANGANDARAN,2023,1,4402.0
2023-02-01,KABUPATEN PANGANDARAN,2023,2,25536.0
2023-03-01,KABUPATEN PANGANDARAN,2023,3,40401.0
2023-04-01,KABUPATEN PANGANDARAN,2023,4,2278.0
2023-05-01,KABUPATEN PANGANDARAN,2023,5,2067.0
2023-06-01,KABUPATEN PANGANDARAN,2023,6,1138.0
2023-07-01,KABUPATEN PANGANDARAN,2023,7,10767.0
2023-08-01,KABUPATEN PANGANDARAN,2023,8,37905.0
2023-09-01,KABUPATEN PANGANDARAN,2023,9,13559.0
2023-10-01,KABUPATEN PANGANDARAN,2023,10,1248.0
2023-11-01,KABUPATEN PANGANDARAN,2023,11,1248.0
2023-12-01,KABUPATEN PANGANDARAN,2023,12,1248.0
2018-01-01,KABUPATEN PURWAKARTA,2018,1,4697.0
2018-02-01,KABUPATEN PURWAKARTA,2018,2,9099.0
2018-03-01,KABUPATEN PURWAKARTA,2018,3,33338.0
2018-04-01,KABUPATEN PURWAKARTA,2018,4,24843.0
2018-05-01,KABUPATEN PURWAKARTA,2018,5,7665.0
2018-06-01,KABUPATEN PURWAKARTA,2018,6,15048.0
2018-07-01,KABUPATEN PURWAKARTA,2018,7,24757.0
2018-08-01,KABUPATEN PURWAKARTA,2018,8,31364.0
2018-09-01,KABUPATEN PURWAKARTA,2018,9,9610.0
2018-10-01,KABUPATEN PURWAKARTA,2018,10,4682.0
2018-11-01,KABUPATEN PURWAKARTA,2018,11,5973.0
2018-12-01,KABUPATEN PURWAKARTA,2018,12,6200.0
2019-01-01,KABUPATEN PURWAKARTA,2019,1,2535.0
2019-02-01,KABUPATEN PURWAKARTA,2019,2,1696.0
2019-03-01,KABUPATEN PURWAKARTA,2019,3,23294.0
2019-04-01,KABUPATEN PURWAKARTA,2019,4,44260.0
2019-05-01,KABUPATEN PURWAKARTA,2019,5,8113.0
2019-06-01,KABUPATEN PURWAKARTA,2019,6,5627.0
2019-07-01,KABUPATEN PURWAKARTA,2019,7,17055.0
2019-08-01,KABUPATEN PURWAKARTA,2019,8,27299.0
2019-09-01,KABUPATEN PURWAKARTA,2019,9,8993.0
2019-10-01,KABUPATEN PURWAKARTA,2019,10,1608.0
2019-11-01,KABUPATEN PURWAKARTA,2019,11,2484.0
2019-12-01,KABUPATEN PURWAKARTA,2019,12,1191.12
2020-01-01,KABUPATEN PURWAKARTA,2020,1,1998.0
2020-02-01,KABUPATEN PURWAKARTA,2020,2,1328.0
2020-03-01,KABUPATEN PURWAKARTA,2020,3,6960.0
2020-04-01,KABUPATEN PURWAKARTA,2020,4,43493.0
2020-05-01,KABUPATEN PURWAKARTA,2020,5,23329.0
2020-06-01,KABUPATEN PURWAKARTA,2020,6,2030.0
2020-07-01,KABUPATEN PURWAKARTA,2020,7,11244.0
2020-08-01,KABUPATEN PURWAKARTA,2020,8,36721.0
2020-09-01,KABUPATEN PURWAKARTA,2020,9,21616.0
2020-10-01,KABUPATEN PURWAKARTA,2020,10,4908.0
2020-11-01,KABUPATEN PURWAKARTA,2020,11,2933.0
2020-12-01,KABUPATEN PURWAKARTA,2020,12,3397.0
2021-01-01,KABUPATEN PURWAKARTA,2021,1,5842.0
2021-02-01,KABUPATEN PURWAKARTA,2021,2,8088.0
2021-03-01,KABUPATEN PURWAKARTA,2021,3,42714.0
2021-04-01,KABUPATEN PURWAKARTA,2021,4,11165.0
2021-05-01,KABUPATEN PURWAKARTA,2021,5,9202.0
2021-06-01,KABUPATEN PURWAKARTA,2021,6,13690.0
2021-07-01,KABUPATEN PURWAKARTA,2021,7,36555.0
2021-08-01,KABUPATEN PURWAKARTA,2021,8,13298.0
2021-09-01,KABUPATEN PURWAKARTA,2021,9,5735.0
2021-10-01,KABUPATEN PURWAKARTA,2021,10,9806.0
2021-11-01,KABUPATEN PURWAKARTA,2021,11,6441.0
2021-12-01,KABUPATEN PURWAKARTA,2021,12,5329.0
2022-01-01,KABUPATEN PURWAKARTA,2022,1,4162.0
2022-02-01,KABUPATEN PURWAKARTA,2022,2,6271.0
2022-03-01,KABUPATEN PURWAKARTA,2022,3,45469.590000000026
2022-04-01,KABUPATEN PURWAKARTA,2022,4,24149.0
2022-05-01,KABUPATEN PURWAKARTA,2022,5,6618.0
2022-06-01,KABUPATEN PURWAKARTA,2022,6,6418.0
2022-07-01,KABUPATEN PURWAKARTA,2022,7,23813.0
2022-08-01,KABUPATEN PURWAKARTA,2022,8,35859.0
2022-09-01,KABUPATEN PURWAKARTA,2022,9,10582.0
2022-10-01,KABUPATEN PURWAKARTA,2022,10,6533.0
2022-11-01,KABUPATEN PURWAKARTA,2022,11,8443.0
2022-12-01,KABUPATEN PURWAKARTA,2022,12,7459.0
2023-01-01,KABUPATEN PURWAKARTA,2023,1,3709.0
2023-02-01,KABUPATEN PURWAKARTA,2023,2,19720.0
2023-03-01,KABUPATEN PURWAKARTA,2023,3,43803.0
2023-04-01,KABUPATEN PURWAKARTA,2023,4,18457.0
2023-05-01,KABUPATEN PURWAKARTA,2023,5,5178.0
2023-06-01,KABUPATEN PURWAKARTA,2023,6,19725.0
2023-07-01,KABUPATEN PURWAKARTA,2023,7,19395.0
2023-08-01,KABUPATEN PURWAKARTA,2023,8,36018.0
2023-09-01,KABUPATEN PURWAKARTA,2023,9,8902.0
2023-10-01,KABUPATEN PURWAKARTA,2023,10,4900.0
2023-11-01,KABUPATEN PURWAKARTA,2023,11,4107.0
2023-12-01,KABUPATEN PURWAKARTA,2023,12,2618.0
2018-01-01,KABUPATEN SUBANG,2018,1,17477.0
2018-02-01,KABUPATEN SUBANG,2018,2,57643.0
2018-03-01,KABUPATEN SUBANG,2018,3,138441.0
2018-04-01,KABUPATEN SUBANG,2018,4,142378.0
2018-05-01,KABUPATEN SUBANG,2018,5,106443.0
2018-06-01,KABUPATEN SUBANG,2018,6,57024.0
2018-07-01,KABUPATEN SUBANG,2018,7,62941.0
2018-08-01,KABUPATEN SUBANG,2018,8,86332.0
2018-09-01,KABUPATEN SUBANG,2018,9,81520.0
2018-10-01,KABUPATEN SUBANG,2018,10,116840.0
2018-11-01,KABUPATEN SUBANG,2018,11,74273.0
2018-12-01,KABUPATEN SUBANG,2018,12,49682.0
2019-01-01,KABUPATEN SUBANG,2019,1,12208.0
2019-02-01,KABUPATEN SUBANG,2019,2,28105.0
2019-03-01,KABUPATEN SUBANG,2019,3,84728.0
2019-04-01,KABUPATEN SUBANG,2019,4,170059.0
2019-05-01,KABUPATEN SUBANG,2019,5,142933.0
2019-06-01,KABUPATEN SUBANG,2019,6,53159.0
2019-07-01,KABUPATEN SUBANG,2019,7,48391.0
2019-08-01,KABUPATEN SUBANG,2019,8,99188.0
2019-09-01,KABUPATEN SUBANG,2019,9,87798.0
2019-10-01,KABUPATEN SUBANG,2019,10,70990.0
2019-11-01,KABUPATEN SUBANG,2019,11,101006.0
2019-12-01,KABUPATEN SUBANG,2019,12,44367.0
2020-01-01,KABUPATEN SUBANG,2020,1,23574.0
2020-02-01,KABUPATEN SUBANG,2020,2,13163.0
2020-03-01,KABUPATEN SUBANG,2020,3,36083.0
2020-04-01,KABUPATEN SUBANG,2020,4,144172.0
2020-05-01,KABUPATEN SUBANG,2020,5,136068.0
2020-06-01,KABUPATEN SUBANG,2020,6,95817.0
2020-07-01,KABUPATEN SUBANG,2020,7,44925.0
2020-08-01,KABUPATEN SUBANG,2020,8,91159.0
2020-09-01,KABUPATEN SUBANG,2020,9,65620.0
2020-10-01,KABUPATEN SUBANG,2020,10,119408.0
2020-11-01,KABUPATEN SUBANG,2020,11,132107.0
2020-12-01,KABUPATEN SUBANG,2020,12,68662.0
2021-01-01,KABUPATEN SUBANG,2021,1,23128.0
2021-02-01,KABUPATEN SUBANG,2021,2,11656.13
2021-03-01,KABUPATEN SUBANG,2021,3,80715.0
2021-04-01,KABUPATEN SUBANG,2021,4,142802.0
2021-05-01,KABUPATEN SUBANG,2021,5,172646.0
2021-06-01,KABUPATEN SUBANG,2021,6,45135.0
2021-07-01,KABUPATEN SUBANG,2021,7,76552.0
2021-08-01,KABUPATEN SUBANG,2021,8,61070.0
2021-09-01,KABUPATEN SUBANG,2021,9,40847.0
2021-10-01,KABUPATEN SUBANG,2021,10,132147.0
2021-11-01,KABUPATEN SUBANG,2021,11,110613.0
2021-12-01,KABUPATEN SUBANG,2021,12,63496.0
2022-01-01,KABUPATEN SUBANG,2022,1,24411.0
2022-02-01,KABUPATEN SUBANG,2022,2,16454.0
2022-03-01,KABUPATEN SUBANG,2022,3,129420.0
2022-04-01,KABUPATEN SUBANG,2022,4,170252.0
2022-05-01,KABUPATEN SUBANG,2022,5,113795.0
2022-06-01,KABUPATEN SUBANG,2022,6,61629.0
2022-07-01,KABUPATEN SUBANG,2022,7,70082.0
2022-08-01,KABUPATEN SUBANG,2022,8,75944.0
2022-09-01,KABUPATEN SUBANG,2022,9,79632.0
2022-10-01,KABUPATEN SUBANG,2022,10,167407.0
2022-11-01,KABUPATEN SUBANG,2022,11,96503.0
2022-12-01,KABUPATEN SUBANG,2022,12,33256.0
2023-01-01,KABUPATEN SUBANG,2023,1,13601.0
2023-02-01,KABUPATEN SUBANG,2023,2,21650.0
2023-03-01,KABUPATEN SUBANG,2023,3,125985.0
2023-04-01,KABUPATEN SUBANG,2023,4,183319.0
2023-05-01,KABUPATEN SUBANG,2023,5,138836.0
2023-06-01,KABUPATEN SUBANG,2023,6,23532.0
2023-07-01,KABUPATEN SUBANG,2023,7,50338.0
2023-08-01,KABUPATEN SUBANG,2023,8,75864.0
2023-09-01,KABUPATEN SUBANG,2023,9,85686.0
2023-10-01,KABUPATEN SUBANG,2023,10,188625.13000000012
2023-11-01,KABUPATEN SUBANG,2023,11,85614.0
2023-12-01,KABUPATEN SUBANG,2023,12,21620.0
2018-01-01,KABUPATEN SUKABUMI,2018,1,15877.0
2018-02-01,KABUPATEN SUKABUMI,2018,2,95781.0
2018-03-01,KABUPATEN SUKABUMI,2018,3,94558.0
2018-04-01,KABUPATEN SUKABUMI,2018,4,33311.0
2018-05-01,KABUPATEN SUKABUMI,2018,5,36897.0
2018-06-01,KABUPATEN SUKABUMI,2018,6,84189.0
2018-07-01,KABUPATEN SUKABUMI,2018,7,58521.0
2018-08-01,KABUPATEN SUKABUMI,2018,8,26826.0
2018-09-01,KABUPATEN SUKABUMI,2018,9,28080.0
2018-10-01,KABUPATEN SUKABUMI,2018,10,22198.0
2018-11-01,KABUPATEN SUKABUMI,2018,11,18415.0
2018-12-01,KABUPATEN SUKABUMI,2018,12,11206.0
2019-01-01,KABUPATEN SUKABUMI,2019,1,13370.0
2019-02-01,KABUPATEN SUKABUMI,2019,2,43833.0
2019-03-01,KABUPATEN SUKABUMI,2019,3,117916.0
2019-04-01,KABUPATEN SUKABUMI,2019,4,76662.0
2019-05-01,KABUPATEN SUKABUMI,2019,5,12683.0
2019-06-01,KABUPATEN SUKABUMI,2019,6,48840.0
2019-07-01,KABUPATEN SUKABUMI,2019,7,49314.0
2019-08-01,KABUPATEN SUKABUMI,2019,8,51797.0
2019-09-01,KABUPATEN SUKABUMI,2019,9,19479.0
2019-10-01,KABUPATEN SUKABUMI,2019,10,11962.0
2019-11-01,KABUPATEN SUKABUMI,2019,11,11610.0
2019-12-01,KABUPATEN SUKABUMI,2019,12,11298.0
2020-01-01,KABUPATEN SUKABUMI,2020,1,16896.0
2020-02-01,KABUPATEN SUKABUMI,2020,2,8959.0
2020-03-01,KABUPATEN SUKABUMI,2020,3,8654.0
2020-04-01,KABUPATEN SUKABUMI,2020,4,127618.39000000007
2020-05-01,KABUPATEN SUKABUMI,2020,5,88038.0
2020-06-01,KABUPATEN SUKABUMI,2020,6,12743.0
2020-07-01,KABUPATEN SUKABUMI,2020,7,25645.0
2020-08-01,KABUPATEN SUKABUMI,2020,8,105238.0
2020-09-01,KABUPATEN SUKABUMI,2020,9,59302.0
2020-10-01,KABUPATEN SUKABUMI,2020,10,32496.0
2020-11-01,KABUPATEN SUKABUMI,2020,11,13938.0
2020-12-01,KABUPATEN SUKABUMI,2020,12,13914.0
2021-01-01,KABUPATEN SUKABUMI,2021,1,14780.0
2021-02-01,KABUPATEN SUKABUMI,2021,2,81441.0
2021-03-01,KABUPATEN SUKABUMI,2021,3,124344.0
2021-04-01,KABUPATEN SUKABUMI,2021,4,32910.0
2021-05-01,KABUPATEN SUKABUMI,2021,5,19322.0
2021-06-01,KABUPATEN SUKABUMI,2021,6,54296.0
2021-07-01,KABUPATEN SUKABUMI,2021,7,75137.0
2021-08-01,KABUPATEN SUKABUMI,2021,8,26103.0
2021-09-01,KABUPATEN SUKABUMI,2021,9,20208.0
2021-10-01,KABUPATEN SUKABUMI,2021,10,15844.0
2021-11-01,KABUPATEN SUKABUMI,2021,11,13089.0
2021-12-01,KABUPATEN SUKABUMI,2021,12,15451.0
2022-01-01,KABUPATEN SUKABUMI,2022,1,23793.0
2022-02-01,KABUPATEN SUKABUMI,2022,2,84085.0
2022-03-01,KABUPATEN SUKABUMI,2022,3,103714.0
2022-04-01,KABUPATEN SUKABUMI,2022,4,28431.0
2022-05-01,KABUPATEN SUKABUMI,2022,5,29492.0
2022-06-01,KABUPATEN SUKABUMI,2022,6,84516.0
2022-07-01,KABUPATEN SUKABUMI,2022,7,57493.0
2022-08-01,KABUPATEN SUKABUMI,2022,8,21777.0
2022-09-01,KABUPATEN SUKABUMI,2022,9,17220.0
2022-10-01,KABUPATEN SUKABUMI,2022,10,25729.0
2022-11-01,KABUPATEN SUKABUMI,2022,11,21926.0
2022-12-01,KABUPATEN SUKABUMI,2022,12,10050.0
2023-01-01,KABUPATEN SUKABUMI,2023,1,73292.0
2023-02-01,KABUPATEN SUKABUMI,2023,2,94276.0
2023-03-01,KABUPATEN SUKABUMI,2023,3,56969.0
2023-04-01,KABUPATEN SUKABUMI,2023,4,26301.0
2023-05-01,KABUPATEN SUKABUMI,2023,5,85280.0
2023-06-01,KABUPATEN SUKABUMI,2023,6,70219.0
2023-07-01,KABUPATEN SUKABUMI,2023,7,33625.0
2023-08-01,KABUPATEN SUKABUMI,2023,8,25396.0
2023-09-01,KABUPATEN SUKABUMI,2023,9,17073.0
2023-10-01,KABUPATEN SUKABUMI,2023,10,14997.0
2023-11-01,KABUPATEN SUKABUMI,2023,11,7783.0
2023-12-01,KABUPATEN SUKABUMI,2023,12,7608.42
2018-01-01,KABUPATEN SUMEDANG,2018,1,9884.0
2018-02-01,KABUPATEN SUMEDANG,2018,2,18072.0
2018-03-01,KABUPATEN SUMEDANG,2018,3,60229.0
2018-04-01,KABUPATEN SUMEDANG,2018,4,40767.0
2018-05-01,KABUPATEN SUMEDANG,2018,5,20468.0
2018-06-01,KABUPATEN SUMEDANG,2018,6,20950.0
2018-07-01,KABUPATEN SUMEDANG,2018,7,53166.0
2018-08-01,KABUPATEN SUMEDANG,2018,8,34474.0
2018-09-01,KABUPATEN SUMEDANG,2018,9,17994.0
2018-10-01,KABUPATEN SUMEDANG,2018,10,15790.0
2018-11-01,KABUPATEN SUMEDANG,2018,11,21350.0
2018-12-01,KABUPATEN SUMEDANG,2018,12,17364.0
2019-01-01,KABUPATEN SUMEDANG,2019,1,7968.0
2019-02-01,KABUPATEN SUMEDANG,2019,2,18852.0
2019-03-01,KABUPATEN SUMEDANG,2019,3,54394.0
2019-04-01,KABUPATEN SUMEDANG,2019,4,46455.0
2019-05-01,KABUPATEN SUMEDANG,2019,5,15510.0
2019-06-01,KABUPATEN SUMEDANG,2019,6,17893.0
2019-07-01,KABUPATEN SUMEDANG,2019,7,45032.0
2019-08-01,KABUPATEN SUMEDANG,2019,8,33565.0
2019-09-01,KABUPATEN SUMEDANG,2019,9,16563.0
2019-10-01,KABUPATEN SUMEDANG,2019,10,12273.0
2019-11-01,KABUPATEN SUMEDANG,2019,11,18646.0
2019-12-01,KABUPATEN SUMEDANG,2019,12,15517.0
2020-01-01,KABUPATEN SUMEDANG,2020,1,14705.0
2020-02-01,KABUPATEN SUMEDANG,2020,2,7042.0
2020-03-01,KABUPATEN SUMEDANG,2020,3,33989.0
2020-04-01,KABUPATEN SUMEDANG,2020,4,60685.75000000001
2020-05-01,KABUPATEN SUMEDANG,2020,5,27442.0
2020-06-01,KABUPATEN SUMEDANG,2020,6,10144.0
2020-07-01,KABUPATEN SUMEDANG,2020,7,34617.0
2020-08-01,KABUPATEN SUMEDANG,2020,8,49995.0
2020-09-01,KABUPATEN SUMEDANG,2020,9,20031.0
2020-10-01,KABUPATEN SUMEDANG,2020,10,8243.0
2020-11-01,KABUPATEN SUMEDANG,2020,11,19148.0
2020-12-01,KABUPATEN SUMEDANG,2020,12,20019.0
2021-01-01,KABUPATEN SUMEDANG,2021,1,12886.0
2021-02-01,KABUPATEN SUMEDANG,2021,2,7028.37
2021-03-01,KABUPATEN SUMEDANG,2021,3,39261.0
2021-04-01,KABUPATEN SUMEDANG,2021,4,46171.0
2021-05-01,KABUPATEN SUMEDANG,2021,5,15643.0
2021-06-01,KABUPATEN SUMEDANG,2021,6,12599.0
2021-07-01,KABUPATEN SUMEDANG,2021,7,41085.0
2021-08-01,KABUPATEN SUMEDANG,2021,8,24135.0
2021-09-01,KABUPATEN SUMEDANG,2021,9,17266.0
2021-10-01,KABUPATEN SUMEDANG,2021,10,13936.0
2021-11-01,KABUPATEN SUMEDANG,2021,11,15002.0
2021-12-01,KABUPATEN SUMEDANG,2021,12,17059.0
2022-01-01,KABUPATEN SUMEDANG,2022,1,16588.0
2022-02-01,KABUPATEN SUMEDANG,2022,2,11098.0
2022-03-01,KABUPATEN SUMEDANG,2022,3,56642.0
2022-04-01,KABUPATEN SUMEDANG,2022,4,35593.0
2022-05-01,KABUPATEN SUMEDANG,2022,5,18420.0
2022-06-01,KABUPATEN SUMEDANG,2022,6,14544.0
2022-07-01,KABUPATEN SUMEDANG,2022,7,50467.0
2022-08-01,KABUPATEN SUMEDANG,2022,8,25312.0
2022-09-01,KABUPATEN SUMEDANG,2022,9,21492.0
2022-10-01,KABUPATEN SUMEDANG,2022,10,13778.0
2022-11-01,KABUPATEN SUMEDANG,2022,11,19379.0
2022-12-01,KABUPATEN SUMEDANG,2022,12,14855.0
2023-01-01,KABUPATEN SUMEDANG,2023,1,16158.0
2023-02-01,KABUPATEN SUMEDANG,2023,2,21636.0
2023-03-01,KABUPATEN SUMEDANG,2023,3,52350.0
2023-04-01,KABUPATEN SUMEDANG,2023,4,22839.0
2023-05-01,KABUPATEN SUMEDANG,2023,5,20508.0
2023-06-01,KABUPATEN SUMEDANG,2023,6,32549.0
2023-07-01,KABUPATEN SUMEDANG,2023,7,41892.0
2023-08-01,KABUPATEN SUMEDANG,2023,8,18248.0
2023-09-01,KABUPATEN SUMEDANG,2023,9,15241.0
2023-10-01,KABUPATEN SUMEDANG,2023,10,15872.0
2023-11-01,KABUPATEN SUMEDANG,2023,11,19494.0
2023-12-01,KABUPATEN SUMEDANG,2023,12,10327.0
2018-01-01,KABUPATEN TASIKMALAYA,2018,1,19990.0
2018-02-01,KABUPATEN TASIKMALAYA,2018,2,79011.0
2018-03-01,KABUPATEN TASIKMALAYA,2018,3,45600.0
2018-04-01,KABUPATEN TASIKMALAYA,2018,4,42125.0
2018-05-01,KABUPATEN TASIKMALAYA,2018,5,39532.0
2018-06-01,KABUPATEN TASIKMALAYA,2018,6,56236.0
2018-07-01,KABUPATEN TASIKMALAYA,2018,7,61165.0
2018-08-01,KABUPATEN TASIKMALAYA,2018,8,45567.0
2018-09-01,KABUPATEN TASIKMALAYA,2018,9,35375.0
2018-10-01,KABUPATEN TASIKMALAYA,2018,10,32497.0
2018-11-01,KABUPATEN TASIKMALAYA,2018,11,30406.0
2018-12-01,KABUPATEN TASIKMALAYA,2018,12,22541.0
2019-01-01,KABUPATEN TASIKMALAYA,2019,1,24329.0
2019-02-01,KABUPATEN TASIKMALAYA,2019,2,38051.0
2019-03-01,KABUPATEN TASIKMALAYA,2019,3,79904.8
2019-04-01,KABUPATEN TASIKMALAYA,2019,4,42603.0
2019-05-01,KABUPATEN TASIKMALAYA,2019,5,26567.0
2019-06-01,KABUPATEN TASIKMALAYA,2019,6,26307.0
2019-07-01,KABUPATEN TASIKMALAYA,2019,7,63170.0
2019-08-01,KABUPATEN TASIKMALAYA,2019,8,44175.0
2019-09-01,KABUPATEN TASIKMALAYA,2019,9,26079.0
2019-10-01,KABUPATEN TASIKMALAYA,2019,10,18499.0
2019-11-01,KABUPATEN TASIKMALAYA,2019,11,29944.0
2019-12-01,KABUPATEN TASIKMALAYA,2019,12,21031.0
2020-01-01,KABUPATEN TASIKMALAYA,2020,1,16822.0
2020-02-01,KABUPATEN TASIKMALAYA,2020,2,12000.63
2020-03-01,KABUPATEN TASIKMALAYA,2020,3,17205.0
2020-04-01,KABUPATEN TASIKMALAYA,2020,4,77705.0
2020-05-01,KABUPATEN TASIKMALAYA,2020,5,74574.0
2020-06-01,KABUPATEN TASIKMALAYA,2020,6,21830.0
2020-07-01,KABUPATEN TASIKMALAYA,2020,7,22451.0
2020-08-01,KABUPATEN TASIKMALAYA,2020,8,46517.0
2020-09-01,KABUPATEN TASIKMALAYA,2020,9,77796.0
2020-10-01,KABUPATEN TASIKMALAYA,2020,10,38347.0
2020-11-01,KABUPATEN TASIKMALAYA,2020,11,19575.0
2020-12-01,KABUPATEN TASIKMALAYA,2020,12,24402.0
2021-01-01,KABUPATEN TASIKMALAYA,2021,1,40983.0
2021-02-01,KABUPATEN TASIKMALAYA,2021,2,79667.0
2021-03-01,KABUPATEN TASIKMALAYA,2021,3,30558.0
2021-04-01,KABUPATEN TASIKMALAYA,2021,4,21477.0
2021-05-01,KABUPATEN TASIKMALAYA,2021,5,38191.0
2021-06-01,KABUPATEN TASIKMALAYA,2021,6,57579.0
2021-07-01,KABUPATEN TASIKMALAYA,2021,7,35328.0
2021-08-01,KABUPATEN TASIKMALAYA,2021,8,17107.0
2021-09-01,KABUPATEN TASIKMALAYA,2021,9,15774.0
2021-10-01,KABUPATEN TASIKMALAYA,2021,10,29015.0
2021-11-01,KABUPATEN TASIKMALAYA,2021,11,45060.0
2021-12-01,KABUPATEN TASIKMALAYA,2021,12,35170.0
2022-01-01,KABUPATEN TASIKMALAYA,2022,1,41688.0
2022-02-01,KABUPATEN TASIKMALAYA,2022,2,26820.0
2022-03-01,KABUPATEN TASIKMALAYA,2022,3,50179.0
2022-04-01,KABUPATEN TASIKMALAYA,2022,4,37194.0
2022-05-01,KABUPATEN TASIKMALAYA,2022,5,34913.0
2022-06-01,KABUPATEN TASIKMALAYA,2022,6,35132.0
2022-07-01,KABUPATEN TASIKMALAYA,2022,7,39170.0
2022-08-01,KABUPATEN TASIKMALAYA,2022,8,24899.0
2022-09-01,KABUPATEN TASIKMALAYA,2022,9,24235.0
2022-10-01,KABUPATEN TASIKMALAYA,2022,10,29880.0
2022-11-01,KABUPATEN TASIKMALAYA,2022,11,49433.0
2022-12-01,KABUPATEN TASIKMALAYA,2022,12,37424.0
2023-01-01,KABUPATEN TASIKMALAYA,2023,1,40649.0
2023-02-01,KABUPATEN TASIKMALAYA,2023,2,26987.0
2023-03-01,KABUPATEN TASIKMALAYA,2023,3,43941.0
2023-04-01,KABUPATEN TASIKMALAYA,2023,4,33414.0
2023-05-01,KABUPATEN TASIKMALAYA,2023,5,45079.0
2023-06-01,KABUPATEN TASIKMALAYA,2023,6,41073.0
2023-07-01,KABUPATEN TASIKMALAYA,2023,7,23651.0
2023-08-01,KABUPATEN TASIKMALAYA,2023,8,34682.0
2023-09-01,KABUPATEN TASIKMALAYA,2023,9,32707.0
2023-10-01,KABUPATEN TASIKMALAYA,2023,10,31424.0
2023-11-01,KABUPATEN TASIKMALAYA,2023,11,23785.0
2023-12-01,KABUPATEN TASIKMALAYA,2023,12,13988.0
2018-01-01,KOTA BANDUNG,2018,1,66.0
2018-02-01,KOTA BANDUNG,2018,2,627.0
2018-03-01,KOTA BANDUNG,2018,3,542.0
2018-04-01,KOTA BANDUNG,2018,4,1745.0
2018-05-01,KOTA BANDUNG,2018,5,746.0
2018-06-01,KOTA BANDUNG,2018,6,143.0
2018-07-01,KOTA BANDUNG,2018,7,197.0
2018-08-01,KOTA BANDUNG,2018,8,260.0
2018-09-01,KOTA BANDUNG,2018,9,572.0
2018-10-01,KOTA BANDUNG,2018,10,1894.0
2018-11-01,KOTA BANDUNG,2018,11,1256.0
2018-12-01,KOTA BANDUNG,2018,12,198.0
2019-01-01,KOTA BANDUNG,2019,1,53.0
2019-02-01,KOTA BANDUNG,2019,2,627.0
2019-03-01,KOTA BANDUNG,2019,3,596.0
2019-04-01,KOTA BANDUNG,2019,4,1895.74
2019-05-01,KOTA BANDUNG,2019,5,1046.0
2019-06-01,KOTA BANDUNG,2019,6,108.0
2019-07-01,KOTA BANDUNG,2019,7,49.0
2019-08-01,KOTA BANDUNG,2019,8,199.0
2019-09-01,KOTA BANDUNG,2019,9,956.0
2019-10-01,KOTA BANDUNG,2019,10,1104.0
2019-11-01,KOTA BANDUNG,2019,11,591.0
2019-12-01,KOTA BANDUNG,2019,12,87.0
2020-01-01,KOTA BANDUNG,2020,1,8.52
2020-02-01,KOTA BANDUNG,2020,2,122.0
2020-03-01,KOTA BANDUNG,2020,3,331.0
2020-04-01,KOTA BANDUNG,2020,4,1258.0
2020-05-01,KOTA BANDUNG,2020,5,1142.0
2020-06-01,KOTA BANDUNG,2020,6,383.0
2020-07-01,KOTA BANDUNG,2020,7,65.0
2020-08-01,KOTA BANDUNG,2020,8,243.0
2020-09-01,KOTA BANDUNG,2020,9,810.0
2020-10-01,KOTA BANDUNG,2020,10,1358.0
2020-11-01,KOTA BANDUNG,2020,11,818.0
2020-12-01,KOTA BANDUNG,2020,12,271.0
2021-01-01,KOTA BANDUNG,2021,1,190.0
2021-02-01,KOTA BANDUNG,2021,2,138.0
2021-03-01,KOTA BANDUNG,2021,3,544.0
2021-04-01,KOTA BANDUNG,2021,4,1497.0
2021-05-01,KOTA BANDUNG,2021,5,943.0
2021-06-01,KOTA BANDUNG,2021,6,280.0
2021-07-01,KOTA BANDUNG,2021,7,178.0
2021-08-01,KOTA BANDUNG,2021,8,449.0
2021-09-01,KOTA BANDUNG,2021,9,868.0
2021-10-01,KOTA BANDUNG,2021,10,786.0
2021-11-01,KOTA BANDUNG,2021,11,802.0
2021-12-01,KOTA BANDUNG,2021,12,422.0
2022-01-01,KOTA BANDUNG,2022,1,306.0
2022-02-01,KOTA BANDUNG,2022,2,85.0
2022-03-01,KOTA BANDUNG,2022,3,671.0
2022-04-01,KOTA BANDUNG,2022,4,1154.0
2022-05-01,KOTA BANDUNG,2022,5,712.0
2022-06-01,KOTA BANDUNG,2022,6,828.0
2022-07-01,KOTA BANDUNG,2022,7,116.0
2022-08-01,KOTA BANDUNG,2022,8,96.0
2022-09-01,KOTA BANDUNG,2022,9,970.0
2022-10-01,KOTA BANDUNG,2022,10,966.0
2022-11-01,KOTA BANDUNG,2022,11,765.0
2022-12-01,KOTA BANDUNG,2022,12,524.0
2023-01-01,KOTA BANDUNG,2023,1,62.0
2023-02-01,KOTA BANDUNG,2023,2,12.0
2023-03-01,KOTA BANDUNG,2023,3,591.0
2023-04-01,KOTA BANDUNG,2023,4,1270.0
2023-05-01,KOTA BANDUNG,2023,5,813.0
2023-06-01,KOTA BANDUNG,2023,6,444.0
2023-07-01,KOTA BANDUNG,2023,7,53.0
2023-08-01,KOTA BANDUNG,2023,8,117.0
2023-09-01,KOTA BANDUNG,2023,9,886.0
2023-10-01,KOTA BANDUNG,2023,10,1000.0
2023-11-01,KOTA BANDUNG,2023,11,695.0
2023-12-01,KOTA BANDUNG,2023,12,383.0
2018-01-01,KOTA BANJAR,2018,1,2717.0
2018-02-01,KOTA BANJAR,2018,2,2717.0
2018-03-01,KOTA BANJAR,2018,3,9471.0
2018-04-01,KOTA BANJAR,2018,4,1320.0
2018-05-01,KOTA BANJAR,2018,5,448.0
2018-06-01,KOTA BANJAR,2018,6,325.0
2018-07-01,KOTA BANJAR,2018,7,4789.0
2018-08-01,KOTA BANJAR,2018,8,4801.0
2018-09-01,KOTA BANJAR,2018,9,6221.0
2018-10-01,KOTA BANJAR,2018,10,736.0
2018-11-01,KOTA BANJAR,2018,11,665.0
2018-12-01,KOTA BANJAR,2018,12,116.0
2019-01-01,KOTA BANJAR,2019,1,334.5
2019-02-01,KOTA BANJAR,2019,2,553.0
2019-03-01,KOTA BANJAR,2019,3,2023.0
2019-04-01,KOTA BANJAR,2019,4,11014.0
2019-05-01,KOTA BANJAR,2019,5,1621.0
2019-06-01,KOTA BANJAR,2019,6,1210.5
2019-07-01,KOTA BANJAR,2019,7,800.0
2019-08-01,KOTA BANJAR,2019,8,4174.0
2019-09-01,KOTA BANJAR,2019,9,3709.0
2019-10-01,KOTA BANJAR,2019,10,3916.0
2019-11-01,KOTA BANJAR,2019,11,571.0
2019-12-01,KOTA BANJAR,2019,12,364.0
2020-01-01,KOTA BANJAR,2020,1,365.0
2020-02-01,KOTA BANJAR,2020,2,616.0
2020-03-01,KOTA BANJAR,2020,3,2030.0
2020-04-01,KOTA BANJAR,2020,4,3444.0
2020-05-01,KOTA BANJAR,2020,5,8322.0
2020-06-01,KOTA BANJAR,2020,6,1695.0
2020-07-01,KOTA BANJAR,2020,7,487.0
2020-08-01,KOTA BANJAR,2020,8,395.0
2020-09-01,KOTA BANJAR,2020,9,6138.0
2020-10-01,KOTA BANJAR,2020,10,5441.0
2020-11-01,KOTA BANJAR,2020,11,746.0
2020-12-01,KOTA BANJAR,2020,12,724.0
2021-01-01,KOTA BANJAR,2021,1,518.0
2021-02-01,KOTA BANJAR,2021,2,312.0
2021-03-01,KOTA BANJAR,2021,3,11723.050000000016
2021-04-01,KOTA BANJAR,2021,4,6157.0
2021-05-01,KOTA BANJAR,2021,5,916.0
2021-06-01,KOTA BANJAR,2021,6,187.0
2021-07-01,KOTA BANJAR,2021,7,5642.0
2021-08-01,KOTA BANJAR,2021,8,1598.0
2021-09-01,KOTA BANJAR,2021,9,1348.0
2021-10-01,KOTA BANJAR,2021,10,3962.0
2021-11-01,KOTA BANJAR,2021,11,2043.0
2021-12-01,KOTA BANJAR,2021,12,1476.3333333333335
2022-01-01,KOTA BANJAR,2022,1,909.6666666666667
2022-02-01,KOTA BANJAR,2022,2,343.0
2022-03-01,KOTA BANJAR,2022,3,8477.0
2022-04-01,KOTA BANJAR,2022,4,7745.0
2022-05-01,KOTA BANJAR,2022,5,5708.333333333333
2022-06-01,KOTA BANJAR,2022,6,3671.6666666666665
2022-07-01,KOTA BANJAR,2022,7,1635.0
2022-08-01,KOTA BANJAR,2022,8,6842.0
2022-09-01,KOTA BANJAR,2022,9,1952.0
2022-10-01,KOTA BANJAR,2022,10,2589.0
2022-11-01,KOTA BANJAR,2022,11,2140.0
2022-12-01,KOTA BANJAR,2022,12,1691.0
2023-01-01,KOTA BANJAR,2023,1,1767.5
2023-02-01,KOTA BANJAR,2023,2,1844.0
2023-03-01,KOTA BANJAR,2023,3,7954.0
2023-04-01,KOTA BANJAR,2023,4,3854.0
2023-05-01,KOTA BANJAR,2023,5,2971.0
2023-06-01,KOTA BANJAR,2023,6,113.0
2023-07-01,KOTA BANJAR,2023,7,4146.0
2023-08-01,KOTA BANJAR,2023,8,5835.0
2023-09-01,KOTA BANJAR,2023,9,1391.0
2023-10-01,KOTA BANJAR,2023,10,3545.0
2023-11-01,KOTA BANJAR,2023,11,239.0
2023-12-01,KOTA BANJAR,2023,12,239.0
2018-01-01,KOTA BEKASI,2018,1,33.0
2018-02-01,KOTA BEKASI,2018,2,82.0
2018-03-01,KOTA BEKASI,2018,3,151.0
2018-04-01,KOTA BEKASI,2018,4,289.0
2018-05-01,KOTA BEKASI,2018,5,330.0
2018-06-01,KOTA BEKASI,2018,6,33.0
2018-07-01,KOTA BEKASI,2018,7,396.0
2018-08-01,KOTA BEKASI,2018,8,147.0
2018-09-01,KOTA BEKASI,2018,9,93.0
2018-10-01,KOTA BEKASI,2018,10,453.0
2018-11-01,KOTA BEKASI,2018,11,325.0
2018-12-01,KOTA BEKASI,2018,12,128.0
2019-01-01,KOTA BEKASI,2019,1,66.5
2019-02-01,KOTA BEKASI,2019,2,5.0
2019-03-01,KOTA BEKASI,2019,3,132.0
2019-04-01,KOTA BEKASI,2019,4,464.0
2019-05-01,KOTA BEKASI,2019,5,863.0
2019-06-01,KOTA BEKASI,2019,6,38.0
2019-07-01,KOTA BEKASI,2019,7,5.0
2019-08-01,KOTA BEKASI,2019,8,42.0
2019-09-01,KOTA BEKASI,2019,9,1059.0
2019-10-01,KOTA BEKASI,2019,10,437.0
2019-11-01,KOTA BEKASI,2019,11,546.9983333333334
2019-12-01,KOTA BEKASI,2019,12,656.996666666667
2020-01-01,KOTA BEKASI,2020,1,766.9950000000005
2020-02-01,KOTA BEKASI,2020,2,876.993333333334
2020-03-01,KOTA BEKASI,2020,3,986.9916666666675
2020-04-01,KOTA BEKASI,2020,4,1096.990000000001
2020-05-01,KOTA BEKASI,2020,5,621.4950000000005
2020-06-01,KOTA BEKASI,2020,6,146.0
2020-07-01,KOTA BEKASI,2020,7,2.0
2020-08-01,KOTA BEKASI,2020,8,498.0
2020-09-01,KOTA BEKASI,2020,9,697.0
2020-10-01,KOTA BEKASI,2020,10,188.0
2020-11-01,KOTA BEKASI,2020,11,3.0
2020-12-01,KOTA BEKASI,2020,12,104.5
2021-01-01,KOTA BEKASI,2021,1,206.0
2021-02-01,KOTA BEKASI,2021,2,21.0
2021-03-01,KOTA BEKASI,2021,3,320.0
2021-04-01,KOTA BEKASI,2021,4,226.0
2021-05-01,KOTA BEKASI,2021,5,13.0
2021-06-01,KOTA BEKASI,2021,6,516.0
2021-07-01,KOTA BEKASI,2021,7,139.0
2021-08-01,KOTA BEKASI,2021,8,447.0
2021-09-01,KOTA BEKASI,2021,9,138.0
2021-10-01,KOTA BEKASI,2021,10,177.0
2021-11-01,KOTA BEKASI,2021,11,89.0
2021-12-01,KOTA BEKASI,2021,12,12.0
2022-01-01,KOTA BEKASI,2022,1,2.0
2022-02-01,KOTA BEKASI,2022,2,43.0
2022-03-01,KOTA BEKASI,2022,3,804.0
2022-04-01,KOTA BEKASI,2022,4,536.6666666666667
2022-05-01,KOTA BEKASI,2022,5,269.33333333333337
2022-06-01,KOTA BEKASI,2022,6,2.0
2022-07-01,KOTA BEKASI,2022,7,238.0
2022-08-01,KOTA BEKASI,2022,8,633.0
2022-09-01,KOTA BEKASI,2022,9,48.0
2022-10-01,KOTA BEKASI,2022,10,65.66666666666667
2022-11-01,KOTA BEKASI,2022,11,83.33333333333334
2022-12-01,KOTA BEKASI,2022,12,101.0
2023-01-01,KOTA BEKASI,2023,1,215.0
2023-02-01,KOTA BEKASI,2023,2,19.0
2023-03-01,KOTA BEKASI,2023,3,269.0
2023-04-01,KOTA BEKASI,2023,4,223.0
2023-05-01,KOTA BEKASI,2023,5,112.5
2023-06-01,KOTA BEKASI,2023,6,2.0
2023-07-01,KOTA BEKASI,2023,7,127.0
2023-08-01,KOTA BEKASI,2023,8,301.0
2023-09-01,KOTA BEKASI,2023,9,161.0
2023-10-01,KOTA BEKASI,2023,10,161.0
2023-11-01,KOTA BEKASI,2023,11,161.0
2023-12-01,KOTA BEKASI,2023,12,161.0
2018-01-01,KOTA BOGOR,2018,1,67.0
2018-02-01,KOTA BOGOR,2018,2,10.0
2018-03-01,KOTA BOGOR,2018,3,21.0
2018-04-01,KOTA BOGOR,2018,4,21.0
2018-05-01,KOTA BOGOR,2018,5,105.19000000000007
2018-06-01,KOTA BOGOR,2018,6,102.0
2018-07-01,KOTA BOGOR,2018,7,10.0
2018-08-01,KOTA BOGOR,2018,8,9.333333333333334
2018-09-01,KOTA BOGOR,2018,9,8.666666666666666
2018-10-01,KOTA BOGOR,2018,10,8.0
2018-11-01,KOTA BOGOR,2018,11,25.0
2018-12-01,KOTA BOGOR,2018,12,42.0
2019-01-01,KOTA BOGOR,2019,1,44.666666666666664
2019-02-01,KOTA BOGOR,2019,2,47.333333333333336
2019-03-01,KOTA BOGOR,2019,3,50.0
2019-04-01,KOTA BOGOR,2019,4,32.0
2019-05-01,KOTA BOGOR,2019,5,32.0
2019-06-01,KOTA BOGOR,2019,6,6.0
2019-07-01,KOTA BOGOR,2019,7,37.0
2019-08-01,KOTA BOGOR,2019,8,53.0
2019-09-01,KOTA BOGOR,2019,9,49.0
2019-10-01,KOTA BOGOR,2019,10,4.0
2019-11-01,KOTA BOGOR,2019,11,9.0
2019-12-01,KOTA BOGOR,2019,12,31.0
2020-01-01,KOTA BOGOR,2020,1,47.0
2020-02-01,KOTA BOGOR,2020,2,5.0
2020-03-01,KOTA BOGOR,2020,3,5.0
2020-04-01,KOTA BOGOR,2020,4,5.0
2020-05-01,KOTA BOGOR,2020,5,16.5
2020-06-01,KOTA BOGOR,2020,6,28.0
2020-07-01,KOTA BOGOR,2020,7,17.5
2020-08-01,KOTA BOGOR,2020,8,7.0
2020-09-01,KOTA BOGOR,2020,9,12.0
2020-10-01,KOTA BOGOR,2020,10,30.0
2020-11-01,KOTA BOGOR,2020,11,6.0
2020-12-01,KOTA BOGOR,2020,12,12.0
2021-01-01,KOTA BOGOR,2021,1,11.0
2021-02-01,KOTA BOGOR,2021,2,18.5
2021-03-01,KOTA BOGOR,2021,3,26.0
2021-04-01,KOTA BOGOR,2021,4,19.5
2021-05-01,KOTA BOGOR,2021,5,13.0
2021-06-01,KOTA BOGOR,2021,6,19.0
2021-07-01,KOTA BOGOR,2021,7,32.0
2021-08-01,KOTA BOGOR,2021,8,13.0
2021-09-01,KOTA BOGOR,2021,9,13.0
2021-10-01,KOTA BOGOR,2021,10,6.0
2021-11-01,KOTA BOGOR,2021,11,6.0
2021-12-01,KOTA BOGOR,2021,12,32.0
2022-01-01,KOTA BOGOR,2022,1,18.0
2022-02-01,KOTA BOGOR,2022,2,6.0
2022-03-01,KOTA BOGOR,2022,3,12.0
2022-04-01,KOTA BOGOR,2022,4,34.5
2022-05-01,KOTA BOGOR,2022,5,57.0
2022-06-01,KOTA BOGOR,2022,6,8.0
2022-07-01,KOTA BOGOR,2022,7,10.333333333333334
2022-08-01,KOTA BOGOR,2022,8,12.666666666666668
2022-09-01,KOTA BOGOR,2022,9,15.0
2022-10-01,KOTA BOGOR,2022,10,30.0
2022-11-01,KOTA BOGOR,2022,11,15.0
2022-12-01,KOTA BOGOR,2022,12,15.0
2023-01-01,KOTA BOGOR,2023,1,6.0
2023-02-01,KOTA BOGOR,2023,2,17.0
2023-03-01,KOTA BOGOR,2023,3,14.0
2023-04-01,KOTA BOGOR,2023,4,11.0
2023-05-01,KOTA BOGOR,2023,5,6.0
2023-06-01,KOTA BOGOR,2023,6,12.0
2023-07-01,KOTA BOGOR,2023,7,23.0
2023-08-01,KOTA BOGOR,2023,8,22.0
2023-09-01,KOTA BOGOR,2023,9,21.0
2023-10-01,KOTA BOGOR,2023,10,21.0
2023-11-01,KOTA BOGOR,2023,11,21.0
2023-12-01,KOTA BOGOR,2023,12,7.0
2018-01-01,KOTA CIMAHI,2018,1,71.0
2018-02-01,KOTA CIMAHI,2018,2,71.0
2018-03-01,KOTA CIMAHI,2018,3,106.3500000000001
2018-04-01,KOTA CIMAHI,2018,4,103.51250000000007
2018-05-01,KOTA CIMAHI,2018,5,100.67500000000004
2018-06-01,KOTA CIMAHI,2018,6,97.83750000000002
2018-07-01,KOTA CIMAHI,2018,7,95.0
2018-08-01,KOTA CIMAHI,2018,8,24.0
2018-09-01,KOTA CIMAHI,2018,9,48.0
2018-10-01,KOTA CIMAHI,2018,10,44.0
2018-11-01,KOTA CIMAHI,2018,11,40.0
2018-12-01,KOTA CIMAHI,2018,12,53.0
2019-01-01,KOTA CIMAHI,2019,1,66.0
2019-02-01,KOTA CIMAHI,2019,2,33.0
2019-03-01,KOTA CIMAHI,2019,3,17.0
2019-04-01,KOTA CIMAHI,2019,4,33.0
2019-05-01,KOTA CIMAHI,2019,5,15.0
2019-06-01,KOTA CIMAHI,2019,6,61.0
2019-07-01,KOTA CIMAHI,2019,7,46.0
2019-08-01,KOTA CIMAHI,2019,8,46.0
2019-09-01,KOTA CIMAHI,2019,9,18.0
2019-10-01,KOTA CIMAHI,2019,10,44.5
2019-11-01,KOTA CIMAHI,2019,11,71.0
2019-12-01,KOTA CIMAHI,2019,12,67.5
2020-01-01,KOTA CIMAHI,2020,1,64.0
2020-02-01,KOTA CIMAHI,2020,2,21.0
2020-03-01,KOTA CIMAHI,2020,3,50.5
2020-04-01,KOTA CIMAHI,2020,4,80.0
2020-05-01,KOTA CIMAHI,2020,5,63.0
2020-06-01,KOTA CIMAHI,2020,6,46.0
2020-07-01,KOTA CIMAHI,2020,7,31.0
2020-08-01,KOTA CIMAHI,2020,8,46.0
2020-09-01,KOTA CIMAHI,2020,9,33.0
2020-10-01,KOTA CIMAHI,2020,10,58.0
2020-11-01,KOTA CIMAHI,2020,11,83.0
2020-12-01,KOTA CIMAHI,2020,12,33.0
2021-01-01,KOTA CIMAHI,2021,1,16.0
2021-02-01,KOTA CIMAHI,2021,2,49.0
2021-03-01,KOTA CIMAHI,2021,3,16.0
2021-04-01,KOTA CIMAHI,2021,4,82.0
2021-05-01,KOTA CIMAHI,2021,5,44.0
2021-06-01,KOTA CIMAHI,2021,6,29.0
2021-07-01,KOTA CIMAHI,2021,7,15.0
2021-08-01,KOTA CIMAHI,2021,8,25.0
2021-09-01,KOTA CIMAHI,2021,9,35.0
2021-10-01,KOTA CIMAHI,2021,10,86.0
2021-11-01,KOTA CIMAHI,2021,11,69.0
2021-12-01,KOTA CIMAHI,2021,12,51.66666666666667
2022-01-01,KOTA CIMAHI,2022,1,34.333333333333336
2022-02-01,KOTA CIMAHI,2022,2,17.0
2022-03-01,KOTA CIMAHI,2022,3,50.0
2022-04-01,KOTA CIMAHI,2022,4,34.0
2022-05-01,KOTA CIMAHI,2022,5,49.0
2022-06-01,KOTA CIMAHI,2022,6,33.0
2022-07-01,KOTA CIMAHI,2022,7,17.0
2022-08-01,KOTA CIMAHI,2022,8,17.0
2022-09-01,KOTA CIMAHI,2022,9,32.0
2022-10-01,KOTA CIMAHI,2022,10,64.0
2022-11-01,KOTA CIMAHI,2022,11,32.0
2022-12-01,KOTA CIMAHI,2022,12,32.0
2023-01-01,KOTA CIMAHI,2023,1,32.0
2023-02-01,KOTA CIMAHI,2023,2,63.0
2023-03-01,KOTA CIMAHI,2023,3,47.0
2023-04-01,KOTA CIMAHI,2023,4,16.0
2023-05-01,KOTA CIMAHI,2023,5,17.0
2023-06-01,KOTA CIMAHI,2023,6,17.0
2023-07-01,KOTA CIMAHI,2023,7,102.0
2023-08-01,KOTA CIMAHI,2023,8,34.0
2023-09-01,KOTA CIMAHI,2023,9,32.0
2023-10-01,KOTA CIMAHI,2023,10,24.0
2023-11-01,KOTA CIMAHI,2023,11,16.0
2023-12-01,KOTA CIMAHI,2023,12,64.0
2018-01-01,KOTA CIREBON,2018,1,373.0
2018-02-01,KOTA CIREBON,2018,2,249.5
2018-03-01,KOTA CIREBON,2018,3,126.0
2018-04-01,KOTA CIREBON,2018,4,243.0
2018-05-01,KOTA CIREBON,2018,5,321.88500000000005
2018-06-01,KOTA CIREBON,2018,6,400.7700000000001
2018-07-01,KOTA CIREBON,2018,7,215.0
2018-08-01,KOTA CIREBON,2018,8,10.0
2018-09-01,KOTA CIREBON,2018,9,121.0
2018-10-01,KOTA CIREBON,2018,10,1.0
2018-11-01,KOTA CIREBON,2018,11,209.0
2018-12-01,KOTA CIREBON,2018,12,60.0
2019-01-01,KOTA CIREBON,2019,1,14.0
2019-02-01,KOTA CIREBON,2019,2,41.5
2019-03-01,KOTA CIREBON,2019,3,69.0
2019-04-01,KOTA CIREBON,2019,4,370.0
2019-05-01,KOTA CIREBON,2019,5,66.0
2019-06-01,KOTA CIREBON,2019,6,29.0
2019-07-01,KOTA CIREBON,2019,7,54.0
2019-08-01,KOTA CIREBON,2019,8,376.0
2019-09-01,KOTA CIREBON,2019,9,67.0
2019-10-01,KOTA CIREBON,2019,10,17.0
2019-11-01,KOTA CIREBON,2019,11,11.0
2019-12-01,KOTA CIREBON,2019,12,17.0
2020-01-01,KOTA CIREBON,2020,1,113.0
2020-02-01,KOTA CIREBON,2020,2,12.0
2020-03-01,KOTA CIREBON,2020,3,92.5
2020-04-01,KOTA CIREBON,2020,4,173.0
2020-05-01,KOTA CIREBON,2020,5,291.0
2020-06-01,KOTA CIREBON,2020,6,84.0
2020-07-01,KOTA CIREBON,2020,7,2.0
2020-08-01,KOTA CIREBON,2020,8,177.0
2020-09-01,KOTA CIREBON,2020,9,87.0
2020-10-01,KOTA CIREBON,2020,10,92.0
2020-11-01,KOTA CIREBON,2020,11,77.75
2020-12-01,KOTA CIREBON,2020,12,63.5
2021-01-01,KOTA CIREBON,2021,1,49.25
2021-02-01,KOTA CIREBON,2021,2,35.0
2021-03-01,KOTA CIREBON,2021,3,79.0
2021-04-01,KOTA CIREBON,2021,4,395.0
2021-05-01,KOTA CIREBON,2021,5,65.0
2021-06-01,KOTA CIREBON,2021,6,42.0
2021-07-01,KOTA CIREBON,2021,7,24.0
2021-08-01,KOTA CIREBON,2021,8,397.0
2021-09-01,KOTA CIREBON,2021,9,213.5
2021-10-01,KOTA CIREBON,2021,10,30.0
2021-11-01,KOTA CIREBON,2021,11,36.0
2021-12-01,KOTA CIREBON,2021,12,142.0
2022-01-01,KOTA CIREBON,2022,1,143.66666666666666
2022-02-01,KOTA CIREBON,2022,2,145.33333333333334
2022-03-01,KOTA CIREBON,2022,3,147.0
2022-04-01,KOTA CIREBON,2022,4,248.0
2022-05-01,KOTA CIREBON,2022,5,61.0
2022-06-01,KOTA CIREBON,2022,6,51.0
2022-07-01,KOTA CIREBON,2022,7,41.0
2022-08-01,KOTA CIREBON,2022,8,227.0
2022-09-01,KOTA CIREBON,2022,9,78.0
2022-10-01,KOTA CIREBON,2022,10,42.0
2022-11-01,KOTA CIREBON,2022,11,6.0
2022-12-01,KOTA CIREBON,2022,12,58.0
2023-01-01,KOTA CIREBON,2023,1,71.66666666666667
2023-02-01,KOTA CIREBON,2023,2,85.33333333333333
2023-03-01,KOTA CIREBON,2023,3,99.0
2023-04-01,KOTA CIREBON,2023,4,180.0
2023-05-01,KOTA CIREBON,2023,5,121.0
2023-06-01,KOTA CIREBON,2023,6,110.0
2023-07-01,KOTA CIREBON,2023,7,99.0
2023-08-01,KOTA CIREBON,2023,8,240.0
2023-09-01,KOTA CIREBON,2023,9,29.0
2023-10-01,KOTA CIREBON,2023,10,29.0
2023-11-01,KOTA CIREBON,2023,11,29.0
2023-12-01,KOTA CIREBON,2023,12,29.0
2018-01-01,KOTA DEPOK,2018,1,2.0
2018-02-01,KOTA DEPOK,2018,2,103.0
2018-03-01,KOTA DEPOK,2018,3,71.0
2018-04-01,KOTA DEPOK,2018,4,73.5
2018-05-01,KOTA DEPOK,2018,5,76.0
2018-06-01,KOTA DEPOK,2018,6,78.5
2018-07-01,KOTA DEPOK,2018,7,81.0
2018-08-01,KOTA DEPOK,2018,8,16.0
2018-09-01,KOTA DEPOK,2018,9,33.0
2018-10-01,KOTA DEPOK,2018,10,50.0
2018-11-01,KOTA DEPOK,2018,11,33.0
2018-12-01,KOTA DEPOK,2018,12,45.5
2019-01-01,KOTA DEPOK,2019,1,58.0
2019-02-01,KOTA DEPOK,2019,2,16.0
2019-03-01,KOTA DEPOK,2019,3,75.0
2019-04-01,KOTA DEPOK,2019,4,14.0
2019-05-01,KOTA DEPOK,2019,5,16.0
2019-06-01,KOTA DEPOK,2019,6,67.0
2019-07-01,KOTA DEPOK,2019,7,3.0
2019-08-01,KOTA DEPOK,2019,8,47.0
2019-09-01,KOTA DEPOK,2019,9,18.0
2019-10-01,KOTA DEPOK,2019,10,60.0
2019-11-01,KOTA DEPOK,2019,11,55.0
2019-12-01,KOTA DEPOK,2019,12,36.0
2020-01-01,KOTA DEPOK,2020,1,1.0
2020-02-01,KOTA DEPOK,2020,2,109.09000000000013
2020-03-01,KOTA DEPOK,2020,3,90.47200000000011
2020-04-01,KOTA DEPOK,2020,4,71.85400000000007
2020-05-01,KOTA DEPOK,2020,5,53.23600000000005
2020-06-01,KOTA DEPOK,2020,6,34.61800000000002
2020-07-01,KOTA DEPOK,2020,7,16.0
2020-08-01,KOTA DEPOK,2020,8,16.0
2020-09-01,KOTA DEPOK,2020,9,34.0
2020-10-01,KOTA DEPOK,2020,10,44.8
2020-11-01,KOTA DEPOK,2020,11,55.6
2020-12-01,KOTA DEPOK,2020,12,66.4
2021-01-01,KOTA DEPOK,2021,1,77.2
2021-02-01,KOTA DEPOK,2021,2,88.0
2021-03-01,KOTA DEPOK,2021,3,52.0
2021-04-01,KOTA DEPOK,2021,4,16.0
2021-05-01,KOTA DEPOK,2021,5,21.333333333333332
2021-06-01,KOTA DEPOK,2021,6,26.666666666666664
2021-07-01,KOTA DEPOK,2021,7,32.0
2021-08-01,KOTA DEPOK,2021,8,23.0
2021-09-01,KOTA DEPOK,2021,9,14.0
2021-10-01,KOTA DEPOK,2021,10,23.0
2021-11-01,KOTA DEPOK,2021,11,32.0
2021-12-01,KOTA DEPOK,2021,12,41.0
2022-01-01,KOTA DEPOK,2022,1,38.0
2022-02-01,KOTA DEPOK,2022,2,35.0
2022-03-01,KOTA DEPOK,2022,3,32.0
2022-04-01,KOTA DEPOK,2022,4,29.0
2022-05-01,KOTA DEPOK,2022,5,26.0
2022-06-01,KOTA DEPOK,2022,6,13.0
2022-07-01,KOTA DEPOK,2022,7,18.25
2022-08-01,KOTA DEPOK,2022,8,23.5
2022-09-01,KOTA DEPOK,2022,9,28.75
2022-10-01,KOTA DEPOK,2022,10,34.0
2022-11-01,KOTA DEPOK,2022,11,30.6
2022-12-01,KOTA DEPOK,2022,12,27.2
2023-01-01,KOTA DEPOK,2023,1,23.8
2023-02-01,KOTA DEPOK,2023,2,20.4
2023-03-01,KOTA DEPOK,2023,3,17.0
2023-04-01,KOTA DEPOK,2023,4,16.5
2023-05-01,KOTA DEPOK,2023,5,16.0
2023-06-01,KOTA DEPOK,2023,6,15.5
2023-07-01,KOTA DEPOK,2023,7,15.0
2023-08-01,KOTA DEPOK,2023,8,14.5
2023-09-01,KOTA DEPOK,2023,9,14.0
2023-10-01,KOTA DEPOK,2023,10,14.0
2023-11-01,KOTA DEPOK,2023,11,14.0
2023-12-01,KOTA DEPOK,2023,12,14.0
2018-01-01,KOTA SUKABUMI,2018,1,888.0
2018-02-01,KOTA SUKABUMI,2018,2,685.0
2018-03-01,KOTA SUKABUMI,2018,3,1745.0
2018-04-01,KOTA SUKABUMI,2018,4,827.0
2018-05-01,KOTA SUKABUMI,2018,5,1370.0
2018-06-01,KOTA SUKABUMI,2018,6,1189.0
2018-07-01,KOTA SUKABUMI,2018,7,1655.0
2018-08-01,KOTA SUKABUMI,2018,8,1371.0
2018-09-01,KOTA SUKABUMI,2018,9,1941.0
2018-10-01,KOTA SUKABUMI,2018,10,1308.0
2018-11-01,KOTA SUKABUMI,2018,11,1085.0
2018-12-01,KOTA SUKABUMI,2018,12,373.0
2019-01-01,KOTA SUKABUMI,2019,1,859.0
2019-02-01,KOTA SUKABUMI,2019,2,1507.0
2019-03-01,KOTA SUKABUMI,2019,3,2155.0
2019-04-01,KOTA SUKABUMI,2019,4,1428.0
2019-05-01,KOTA SUKABUMI,2019,5,903.0
2019-06-01,KOTA SUKABUMI,2019,6,985.0
2019-07-01,KOTA SUKABUMI,2019,7,1836.0
2019-08-01,KOTA SUKABUMI,2019,8,1907.0
2019-09-01,KOTA SUKABUMI,2019,9,417.0
2019-10-01,KOTA SUKABUMI,2019,10,1379.0
2019-11-01,KOTA SUKABUMI,2019,11,1333.0
2019-12-01,KOTA SUKABUMI,2019,12,396.0
2020-01-01,KOTA SUKABUMI,2020,1,1629.0
2020-02-01,KOTA SUKABUMI,2020,2,518.0
2020-03-01,KOTA SUKABUMI,2020,3,208.0
2020-04-01,KOTA SUKABUMI,2020,4,2584.6900000000014
2020-05-01,KOTA SUKABUMI,2020,5,1547.0
2020-06-01,KOTA SUKABUMI,2020,6,1393.0
2020-07-01,KOTA SUKABUMI,2020,7,702.0
2020-08-01,KOTA SUKABUMI,2020,8,1483.0
2020-09-01,KOTA SUKABUMI,2020,9,1490.0
2020-10-01,KOTA SUKABUMI,2020,10,1983.0
2020-11-01,KOTA SUKABUMI,2020,11,482.0
2020-12-01,KOTA SUKABUMI,2020,12,326.0
2021-01-01,KOTA SUKABUMI,2021,1,1281.0
2021-02-01,KOTA SUKABUMI,2021,2,1021.0
2021-03-01,KOTA SUKABUMI,2021,3,2509.0
2021-04-01,KOTA SUKABUMI,2021,4,699.0
2021-05-01,KOTA SUKABUMI,2021,5,536.0
2021-06-01,KOTA SUKABUMI,2021,6,1482.0
2021-07-01,KOTA SUKABUMI,2021,7,1734.0
2021-08-01,KOTA SUKABUMI,2021,8,1590.0
2021-09-01,KOTA SUKABUMI,2021,9,195.82
2021-10-01,KOTA SUKABUMI,2021,10,685.0
2021-11-01,KOTA SUKABUMI,2021,11,1298.0
2021-12-01,KOTA SUKABUMI,2021,12,2123.0
2022-01-01,KOTA SUKABUMI,2022,1,872.0
2022-02-01,KOTA SUKABUMI,2022,2,991.0
2022-03-01,KOTA SUKABUMI,2022,3,514.0
2022-04-01,KOTA SUKABUMI,2022,4,1506.0
2022-05-01,KOTA SUKABUMI,2022,5,2066.0
2022-06-01,KOTA SUKABUMI,2022,6,1179.0
2022-07-01,KOTA SUKABUMI,2022,7,651.0
2022-08-01,KOTA SUKABUMI,2022,8,568.0
2022-09-01,KOTA SUKABUMI,2022,9,1383.0
2022-10-01,KOTA SUKABUMI,2022,10,2384.0
2022-11-01,KOTA SUKABUMI,2022,11,810.0
2022-12-01,KOTA SUKABUMI,2022,12,336.0
2023-01-01,KOTA SUKABUMI,2023,1,882.0
2023-02-01,KOTA SUKABUMI,2023,2,1631.0
2023-03-01,KOTA SUKABUMI,2023,3,2223.0
2023-04-01,KOTA SUKABUMI,2023,4,1555.0
2023-05-01,KOTA SUKABUMI,2023,5,553.0
2023-06-01,KOTA SUKABUMI,2023,6,889.0
2023-07-01,KOTA SUKABUMI,2023,7,2203.0
2023-08-01,KOTA SUKABUMI,2023,8,1247.0
2023-09-01,KOTA SUKABUMI,2023,9,1192.0
2023-10-01,KOTA SUKABUMI,2023,10,1074.0
2023-11-01,KOTA SUKABUMI,2023,11,1045.0
2023-12-01,KOTA SUKABUMI,2023,12,1694.0
2018-01-01,KOTA TASIKMALAYA,2018,1,1857.0
2018-02-01,KOTA TASIKMALAYA,2018,2,6493.0
2018-03-01,KOTA TASIKMALAYA,2018,3,5623.0
2018-04-01,KOTA TASIKMALAYA,2018,4,4086.0
2018-05-01,KOTA TASIKMALAYA,2018,5,2943.0
2018-06-01,KOTA TASIKMALAYA,2018,6,2911.0
2018-07-01,KOTA TASIKMALAYA,2018,7,8301.0
2018-08-01,KOTA TASIKMALAYA,2018,8,4962.0
2018-09-01,KOTA TASIKMALAYA,2018,9,3954.0
2018-10-01,KOTA TASIKMALAYA,2018,10,2100.0
2018-11-01,KOTA TASIKMALAYA,2018,11,2610.0
2018-12-01,KOTA TASIKMALAYA,2018,12,1104.0
2019-01-01,KOTA TASIKMALAYA,2019,1,1183.0
2019-02-01,KOTA TASIKMALAYA,2019,2,646.0
2019-03-01,KOTA TASIKMALAYA,2019,3,4300.0
2019-04-01,KOTA TASIKMALAYA,2019,4,9227.0
2019-05-01,KOTA TASIKMALAYA,2019,5,4098.0
2019-06-01,KOTA TASIKMALAYA,2019,6,800.0
2019-07-01,KOTA TASIKMALAYA,2019,7,1441.0
2019-08-01,KOTA TASIKMALAYA,2019,8,5420.0
2019-09-01,KOTA TASIKMALAYA,2019,9,5087.0
2019-10-01,KOTA TASIKMALAYA,2019,10,2713.0
2019-11-01,KOTA TASIKMALAYA,2019,11,1728.0
2019-12-01,KOTA TASIKMALAYA,2019,12,400.42
2020-01-01,KOTA TASIKMALAYA,2020,1,401.0
2020-02-01,KOTA TASIKMALAYA,2020,2,732.0
2020-03-01,KOTA TASIKMALAYA,2020,3,1428.0
2020-04-01,KOTA TASIKMALAYA,2020,4,8329.0
2020-05-01,KOTA TASIKMALAYA,2020,5,6622.0
2020-06-01,KOTA TASIKMALAYA,2020,6,1695.0
2020-07-01,KOTA TASIKMALAYA,2020,7,402.0
2020-08-01,KOTA TASIKMALAYA,2020,8,1004.0
2020-09-01,KOTA TASIKMALAYA,2020,9,6637.0
2020-10-01,KOTA TASIKMALAYA,2020,10,6760.0
2020-11-01,KOTA TASIKMALAYA,2020,11,1720.0
2020-12-01,KOTA TASIKMALAYA,2020,12,619.0
2021-01-01,KOTA TASIKMALAYA,2021,1,1054.0
2021-02-01,KOTA TASIKMALAYA,2021,2,7490.0
2021-03-01,KOTA TASIKMALAYA,2021,3,9542.230000000007
2021-04-01,KOTA TASIKMALAYA,2021,4,2641.0
2021-05-01,KOTA TASIKMALAYA,2021,5,1043.0
2021-06-01,KOTA TASIKMALAYA,2021,6,3053.0
2021-07-01,KOTA TASIKMALAYA,2021,7,9124.0
2021-08-01,KOTA TASIKMALAYA,2021,8,4045.0
2021-09-01,KOTA TASIKMALAYA,2021,9,2533.0
2021-10-01,KOTA TASIKMALAYA,2021,10,2491.0
2021-11-01,KOTA TASIKMALAYA,2021,11,2740.0
2021-12-01,KOTA TASIKMALAYA,2021,12,2592.0
2022-01-01,KOTA TASIKMALAYA,2022,1,7620.0
2022-02-01,KOTA TASIKMALAYA,2022,2,3132.0
2022-03-01,KOTA TASIKMALAYA,2022,3,4777.0
2022-04-01,KOTA TASIKMALAYA,2022,4,4414.0
2022-05-01,KOTA TASIKMALAYA,2022,5,3164.0
2022-06-01,KOTA TASIKMALAYA,2022,6,6518.0
2022-07-01,KOTA TASIKMALAYA,2022,7,5577.0
2022-08-01,KOTA TASIKMALAYA,2022,8,3116.0
2022-09-01,KOTA TASIKMALAYA,2022,9,3281.0
2022-10-01,KOTA TASIKMALAYA,2022,10,2023.0
2022-11-01,KOTA TASIKMALAYA,2022,11,4539.0
2022-12-01,KOTA TASIKMALAYA,2022,12,6078.0
2023-01-01,KOTA TASIKMALAYA,2023,1,4612.0
2023-02-01,KOTA TASIKMALAYA,2023,2,3267.0
2023-03-01,KOTA TASIKMALAYA,2023,3,2506.0
2023-04-01,KOTA TASIKMALAYA,2023,4,3804.0
2023-05-01,KOTA TASIKMALAYA,2023,5,6844.0
2023-06-01,KOTA TASIKMALAYA,2023,6,4093.0
2023-07-01,KOTA TASIKMALAYA,2023,7,2665.0
2023-08-01,KOTA TASIKMALAYA,2023,8,1249.0
2023-09-01,KOTA TASIKMALAYA,2023,9,3021.0
2023-10-01,KOTA TASIKMALAYA,2023,10,3168.0
2023-11-01,KOTA TASIKMALAYA,2023,11,3229.0
2023-12-01,KOTA TASIKMALAYA,2023,12,1509.0
